0,1,2,3,4,5,6,7,8,9,10,11,12,13,14,15,16,17,18,19,20,21,22,23,24,25,26,27,28,29,30,31,32,33,34,35,36,37,38,39,40,41,42,43,44,45,46,47,48,49,50,51,52,53,54,55,56,57,58,59,60,61,62,63,64,65,66,67,68,69,70,71,72,73,74,75,76,77,78,79,80,81,82,83,84,85,86,87,88,89,target
4,1,4,1,4,1,4,1,4,1,3,1,3,1,2,1,2,1,1,1,1,2,1,3,1,3,1,4,1,4,1,4,1,3,1,2,1,2,2,1,2,1,3,1,3,1,4,1,4,1,4,1,4,1,3,1,3,1,2,1,2,1,1,2,1,3,1,3,1,4,1,4,1,4,1,4,1,3,1,3,1,2,1,2,2,2,2,1,3,1,0
3,0,3,0,3,0,3,0,3,0,3,0,3,0,2,0,2,0,2,0,1,1,1,1,1,1,1,2,0,3,0,3,0,4,0,4,0,4,0,3,0,3,0,2,1,1,1,1,2,0,2,0,3,0,3,0,3,1,4,1,4,1,3,1,3,1,3,1,3,1,2,0,2,1,1,1,1,1,1,2,0,3,0,3,0,4,0,3,0,3,0
3,0,3,0,3,0,3,0,3,0,3,0,3,0,2,0,2,0,1,1,1,1,1,2,1,2,1,4,1,4,1,4,1,3,1,2,1,2,2,1,2,1,3,1,4,1,4,1,4,1,4,1,4,1,3,0,2,0,2,1,1,1,1,2,1,3,1,4,1,4,1,4,1,3,1,2,1,2,2,1,2,1,2,1,3,1,3,1,3,1,0
2,1,2,1,2,1,2,1,2,1,2,1,2,0,2,0,1,0,1,1,0,1,0,2,0,2,0,4,0,4,0,4,0,3,0,3,0,2,0,2,0,1,1,1,1,0,2,0,3,0,3,0,3,1,3,1,3,0,3,0,2,0,1,1,1,2,0,2,0,2,0,2,0,3,0,3,0,3,0,3,0,2,1,2,1,1,2,1,2,1,0
3,1,3,1,3,1,3,1,3,1,3,1,3,1,2,1,2,2,2,2,2,3,2,4,2,4,2,4,2,4,2,3,2,2,2,1,2,1,3,0,4,0,4,1,4,2,4,2,4,1,4,1,4,1,4,0,3,0,3,1,2,1,2,2,2,2,2,3,2,3,2,4,2,4,2,4,2,4,2,4,2,4,2,3,2,3,2,2,2,1,0
4,1,4,1,4,1,4,1,4,1,4,2,3,2,3,3,2,3,2,3,1,3,1,2,2,2,2,2,2,1,2,1,2,1,2,2,2,2,2,2,3,3,3,3,4,2,4,2,4,1,4,1,4,0,4,1,4,1,4,2,4,2,3,3,3,3,2,3,2,3,2,2,2,1,2,1,2,1,2,2,2,2,2,3,3,3,3,3,4,2,0
3,3,3,3,3,3,3,3,3,3,3,3,3,3,3,2,2,2,2,2,2,2,1,2,1,3,1,4,1,4,1,4,1,4,0,3,1,3,1,2,2,2,2,2,3,2,3,2,4,2,4,2,4,3,4,3,4,2,3,2,3,2,2,2,1,3,1,3,1,3,1,3,1,4,1,3,1,3,1,3,1,3,1,3,2,3,2,2,2,2,0
4,3,4,3,4,3,3,2,3,2,3,1,2,2,1,2,1,2,1,3,1,4,1,4,1,3,1,3,1,3,1,2,2,2,2,2,3,2,3,2,3,2,4,2,4,3,4,3,4,2,4,2,3,2,3,2,3,2,2,2,2,2,1,2,1,3,1,3,1,4,1,4,1,4,1,2,1,2,1,2,2,2,2,2,3,2,3,2,3,3,0
4,3,4,3,4,3,3,2,3,1,3,1,2,1,2,1,1,2,1,2,1,2,1,3,1,2,1,4,1,4,1,3,1,2,2,2,2,1,2,2,3,2,3,2,4,2,4,2,4,2,4,2,4,2,4,2,3,1,3,2,2,2,1,2,1,3,1,3,0,3,0,3,0,3,0,3,1,2,1,2,1,2,2,2,2,2,3,2,3,2,0
3,2,3,2,3,2,3,2,3,2,3,1,2,2,2,2,1,2,1,2,1,2,1,3,1,3,1,4,1,3,1,3,1,2,2,2,2,2,3,2,3,2,3,2,4,3,4,3,4,3,4,2,3,2,3,2,2,2,2,2,1,2,0,3,0,3,0,4,0,4,0,4,0,4,1,2,1,2,1,2,2,2,2,2,3,2,3,2,3,3,0
4,2,4,2,4,2,4,2,4,2,3,2,3,1,3,1,2,1,2,2,1,2,1,2,1,2,1,3,1,4,1,3,1,2,1,1,2,1,3,1,3,1,4,2,4,2,4,2,4,2,4,2,4,3,4,2,3,1,3,1,2,1,2,1,1,2,1,2,1,3,0,3,1,3,1,3,1,3,1,4,0,3,1,3,1,2,2,2,2,2,0
4,3,4,2,4,2,4,2,4,2,4,2,4,2,3,1,3,2,2,2,2,2,2,2,2,2,1,3,1,3,1,3,1,4,1,3,1,3,1,2,2,2,3,2,3,2,4,2,4,2,4,2,4,3,4,3,4,3,4,2,4,2,3,2,3,2,2,2,2,2,1,2,1,2,1,2,1,3,1,3,1,4,1,3,1,3,1,2,2,2,0
1,1,1,1,1,1,1,0,1,0,1,0,2,0,3,0,3,1,4,1,4,2,4,3,4,3,4,3,4,4,4,3,4,3,4,2,3,1,2,1,2,0,1,0,1,0,0,1,0,1,0,1,0,1,1,1,1,0,2,0,2,0,3,1,4,2,4,2,4,3,4,3,4,3,4,2,4,2,3,2,3,1,2,1,2,0,1,1,1,1,0
0,0,0,0,0,0,1,0,1,0,2,0,2,1,2,1,3,2,3,3,3,3,3,3,3,3,3,3,3,3,3,2,2,1,2,0,1,0,0,0,0,0,0,0,0,0,0,0,0,0,0,0,0,0,1,0,1,0,2,0,2,0,3,1,3,2,3,3,3,3,3,3,3,3,3,2,3,2,2,1,2,1,1,1,1,1,0,1,0,1,0
0,1,0,1,0,1,0,1,0,0,1,0,1,0,2,1,2,1,3,2,3,2,3,3,3,3,3,3,3,4,3,4,3,3,3,2,2,1,2,1,1,0,0,0,0,0,0,1,0,1,0,0,0,1,0,1,0,1,1,0,1,0,2,1,3,2,3,2,3,3,3,3,4,3,3,3,3,3,3,3,3,2,3,2,2,1,2,1,1,1,0
0,1,0,1,0,1,0,1,1,1,1,1,1,1,2,1,2,2,2,2,3,3,3,3,3,3,3,4,3,4,3,3,3,2,2,2,2,1,1,1,0,1,0,1,0,1,0,1,0,1,0,1,0,1,0,1,1,1,1,1,1,1,2,1,3,2,3,3,3,3,3,3,3,3,3,3,3,2,3,2,2,1,2,1,1,1,1,1,1,1,0
0,1,0,1,0,1,0,1,1,0,1,0,1,0,2,1,2,1,2,1,3,2,3,2,3,2,3,3,3,4,3,4,3,3,3,3,3,2,2,1,2,1,1,0,1,0,0,1,0,1,0,1,0,1,0,1,0,1,0,1,1,1,1,1,2,1,2,1,3,2,3,2,3,3,3,2,3,2,3,3,3,3,3,2,2,2,2,1,2,1,0
0,0,1,0,1,0,1,0,1,0,1,0,2,0,2,1,3,1,3,2,3,3,3,3,3,3,3,4,3,4,3,3,3,3,3,2,3,1,2,1,1,1,1,0,0,1,0,1,0,1,0,1,0,1,0,1,1,1,1,0,2,0,2,1,3,2,4,2,4,3,4,3,4,3,4,3,4,3,3,3,3,2,3,2,2,1,2,1,1,1,0
3,3,3,3,3,3,3,3,2,3,2,3,2,3,1,3,1,3,1,3,0,4,0,4,1,3,1,4,1,3,1,3,2,3,2,3,2,3,2,3,3,3,3,3,3,3,3,4,3,3,3,3,3,3,3,3,3,3,2,3,2,3,1,3,1,3,1,3,1,4,1,4,1,3,1,3,1,3,1,3,1,3,2,3,2,3,3,3,3,3,0
2,4,2,4,2,4,2,4,2,4,2,4,2,4,2,4,2,4,2,3,1,3,1,3,1,3,1,4,1,4,1,4,1,3,1,3,1,3,1,3,2,3,2,3,3,3,3,4,3,3,3,3,3,3,3,3,2,3,2,3,2,3,1,3,1,3,1,3,1,4,0,4,1,3,1,3,1,3,1,3,1,3,1,3,2,3,2,3,2,3,0
2,3,2,3,2,3,2,3,2,3,2,3,1,3,1,3,0,3,0,3,0,3,0,4,0,3,0,3,0,3,1,3,1,2,1,2,1,2,2,2,2,2,3,2,3,2,3,2,3,2,3,2,3,2,2,2,2,2,2,2,1,2,1,3,1,3,0,3,0,3,0,3,1,3,1,2,1,2,1,2,2,2,2,2,2,2,3,2,3,3,0
3,3,3,3,3,3,3,3,2,3,2,3,1,3,1,3,1,3,0,3,0,3,0,3,1,3,1,4,1,3,1,3,1,3,1,3,1,2,1,2,1,2,2,2,2,2,3,2,3,2,3,2,3,3,3,3,3,3,3,3,3,2,2,2,2,3,2,3,1,3,1,3,1,3,1,3,1,3,1,3,1,3,1,3,1,3,1,3,2,3,0
2,3,2,3,2,3,2,3,2,3,2,3,2,3,1,2,1,2,0,2,0,2,0,3,0,3,0,4,0,4,0,4,0,3,0,2,0,1,0,1,1,1,2,2,2,2,3,2,3,3,3,3,3,3,3,3,3,2,2,2,2,2,1,2,1,2,0,2,0,3,0,3,0,3,0,3,0,3,0,3,0,3,0,2,0,2,1,1,2,2,0
3,3,3,3,3,3,3,3,3,3,2,3,2,3,2,3,1,2,1,2,0,3,0,3,0,3,0,4,0,4,0,4,0,4,0,3,0,2,0,2,1,2,2,2,2,2,3,2,3,3,3,3,3,3,3,3,3,3,3,3,2,2,2,3,2,3,1,3,1,3,1,3,1,3,1,3,0,3,0,4,0,4,0,3,1,3,1,2,1,2,0
3,1,3,1,3,1,3,1,3,1,3,1,3,1,2,1,2,1,1,1,1,1,1,1,1,1,1,2,1,2,1,2,2,1,2,1,2,1,3,1,3,1,4,1,4,1,4,1,4,1,4,1,3,1,3,1,2,1,2,1,1,1,1,2,1,2,1,2,1,2,1,2,1,1,2,1,2,1,2,2,2,2,3,2,3,2,3,2,3,2,7
4,1,4,1,4,1,4,1,4,2,4,2,4,2,4,1,3,1,3,1,2,1,2,1,2,1,2,2,1,2,1,2,1,2,1,2,2,2,2,2,3,2,3,1,4,2,4,1,4,1,4,1,4,2,4,2,4,2,4,2,3,2,3,2,2,2,2,2,2,2,1,2,1,2,1,1,1,2,1,2,1,2,2,2,2,2,3,2,3,2,7
4,1,4,1,4,1,4,1,4,1,4,1,4,1,3,1,3,1,3,1,2,1,2,1,2,1,2,2,1,2,1,2,1,2,1,2,1,1,2,2,2,1,3,1,3,1,4,1,4,1,4,1,4,2,4,2,4,2,4,2,3,2,3,2,2,2,2,2,2,2,1,2,1,2,1,1,1,1,1,2,1,2,1,2,2,2,2,2,2,2,7
3,2,3,2,2,2,2,2,2,2,2,2,2,2,1,2,1,2,1,2,1,2,0,2,1,2,1,3,1,3,1,3,1,3,1,2,1,3,1,3,2,2,2,2,3,2,3,2,3,2,3,2,3,2,3,2,3,2,2,2,2,2,2,3,1,3,1,3,1,3,1,2,1,2,1,2,1,2,2,2,2,2,2,2,3,2,3,2,3,2,7
4,2,4,2,4,2,4,2,4,2,4,2,4,2,4,2,4,2,3,2,3,2,3,2,3,2,2,3,2,3,2,3,1,3,1,3,1,3,1,3,2,2,2,2,3,2,3,2,4,2,4,2,4,3,4,3,4,3,4,3,4,3,4,3,3,3,3,3,3,3,2,2,2,2,2,2,1,2,1,3,1,3,1,3,1,3,2,3,2,2,7
3,1,3,1,3,1,3,1,3,1,3,1,3,1,3,1,3,1,3,1,3,1,2,1,2,1,2,2,2,2,2,2,2,1,1,1,1,1,1,1,1,1,1,1,2,1,2,1,2,1,2,1,3,1,3,1,3,1,3,1,4,1,4,2,4,2,4,2,4,2,4,2,4,1,4,1,3,1,3,2,3,2,2,2,2,2,2,2,2,2,7
3,2,4,2,4,2,4,2,3,2,3,2,3,2,2,2,2,2,1,2,1,2,1,2,1,2,1,3,1,3,1,3,2,3,2,3,2,3,3,3,3,3,4,3,4,3,4,2,4,2,4,2,4,2,3,2,3,2,3,3,2,3,2,3,1,3,1,3,1,3,1,2,0,2,1,2,1,2,1,2,1,3,2,3,2,3,2,3,3,3,7
4,3,4,3,4,3,4,3,4,3,4,2,3,2,3,2,2,2,2,2,1,2,1,2,1,2,1,3,1,3,1,3,1,2,1,2,2,2,2,2,3,2,3,2,4,2,4,2,4,2,3,2,3,2,3,2,2,2,2,2,2,2,1,3,1,3,1,3,1,3,1,3,1,2,2,2,2,2,2,3,2,3,3,3,3,3,3,3,3,3,7
4,3,4,3,4,3,4,3,4,2,4,2,3,2,3,2,2,2,2,2,2,2,1,2,1,2,1,3,1,3,2,3,2,2,2,2,3,2,3,2,3,2,4,2,4,2,4,2,4,2,4,2,3,2,3,2,3,2,2,2,2,2,2,3,1,3,1,3,1,3,1,2,1,2,1,2,1,2,2,2,2,3,2,3,2,3,3,3,3,2,7
4,2,4,2,4,2,4,2,3,2,3,2,3,2,2,2,2,2,2,2,1,2,1,2,1,2,1,2,1,2,1,2,2,2,2,2,3,2,3,2,3,2,4,2,4,2,4,2,4,2,3,2,3,2,3,2,3,2,2,2,2,2,2,3,2,3,1,3,1,2,1,2,1,2,1,2,2,2,2,2,2,2,2,3,3,3,3,2,3,2,7
4,2,4,2,4,2,4,2,4,2,4,2,4,2,4,2,4,2,4,2,3,2,3,2,3,2,2,3,2,3,2,3,1,2,1,2,0,2,0,2,0,2,1,2,2,2,2,2,3,2,3,2,3,2,4,2,4,2,4,2,4,3,3,3,3,3,2,3,2,3,2,3,2,2,1,2,1,2,1,2,1,2,1,3,1,3,2,3,2,3,7
4,3,4,3,4,3,4,3,4,3,4,2,3,2,3,2,3,2,2,2,2,2,1,2,1,2,1,3,1,3,1,2,1,2,1,2,2,2,2,2,3,2,3,2,4,2,4,2,4,2,4,2,3,2,3,2,3,2,2,2,2,2,2,3,1,3,1,3,0,3,0,2,1,2,1,2,2,2,2,2,2,2,2,3,3,3,3,3,3,2,7
0,2,0,2,0,2,0,2,1,2,1,2,2,2,2,2,2,2,3,2,3,2,3,2,3,2,3,2,3,2,3,2,3,2,2,2,1,2,1,2,0,2,0,2,0,2,0,2,0,1,0,1,0,2,0,2,1,2,1,2,2,2,2,2,2,2,3,2,3,2,3,2,3,2,3,1,3,1,3,2,2,2,2,2,2,2,1,2,1,2,7
0,1,0,1,0,1,0,2,1,2,1,2,2,2,2,2,3,2,3,2,3,2,3,2,3,2,3,2,3,2,3,2,3,2,2,2,1,2,0,2,0,2,0,2,0,2,0,2,0,1,0,1,0,2,1,2,1,2,1,2,2,2,2,2,3,2,3,2,3,2,3,2,4,2,4,2,4,2,3,2,3,2,2,2,2,2,2,2,1,2,7
0,2,0,2,0,2,1,2,1,2,2,2,2,2,2,2,3,2,3,2,3,2,3,2,3,2,3,2,3,2,2,2,2,2,1,2,0,2,0,2,0,2,0,2,0,2,0,2,0,2,0,2,0,2,1,2,1,2,1,2,2,2,2,2,2,3,3,3,3,3,3,2,3,2,3,2,3,2,2,2,2,2,1,2,1,2,1,2,0,2,7
0,1,0,1,0,1,0,1,0,1,0,1,0,1,0,1,0,1,1,2,1,2,2,2,3,1,3,2,3,2,3,2,3,2,3,2,3,2,2,2,2,2,1,2,1,2,0,2,0,1,0,1,0,2,0,2,0,2,0,2,0,2,0,2,1,2,1,2,2,2,2,2,3,2,3,1,3,1,3,2,3,2,3,2,3,2,3,2,2,2,7
0,1,1,1,1,1,1,2,1,2,2,2,2,2,3,2,3,2,3,2,3,2,3,2,3,2,3,2,3,2,2,2,2,2,1,2,1,2,0,2,0,2,0,2,0,2,0,2,0,1,0,1,1,2,1,2,1,2,2,2,2,2,3,2,3,2,3,2,3,2,3,2,3,2,3,1,3,2,2,2,1,2,1,2,0,2,0,2,0,2,7
0,1,0,1,0,1,0,1,0,1,1,1,2,1,2,1,2,1,2,2,3,2,3,2,3,1,3,2,3,2,3,2,3,2,2,1,1,2,1,2,0,2,0,1,0,1,0,1,0,1,0,1,0,2,0,1,1,2,1,2,1,2,2,2,2,2,3,2,3,2,3,2,3,2,3,2,3,2,3,2,2,2,2,2,2,2,1,2,1,2,7
2,3,2,3,2,3,2,3,2,3,2,3,2,3,2,3,2,3,1,3,1,3,1,3,1,3,1,3,1,3,1,3,1,3,1,3,1,3,1,3,1,3,2,3,2,3,2,3,2,2,3,2,3,3,3,3,3,3,2,3,2,3,2,3,1,3,1,3,1,3,1,3,1,3,1,2,1,2,1,3,1,3,1,3,2,3,2,3,2,3,7
2,2,2,2,2,2,2,2,2,2,2,2,2,2,2,2,1,2,1,2,1,3,1,3,1,2,1,3,1,3,1,3,1,3,0,3,0,3,0,3,1,3,1,3,1,3,2,2,2,2,2,2,2,2,3,3,3,3,3,3,3,3,3,3,2,3,2,3,2,3,1,3,1,3,1,2,1,2,1,3,1,3,1,3,1,3,1,3,1,3,7
2,2,2,2,2,2,2,3,2,3,2,3,2,3,2,3,1,3,1,3,1,3,1,3,1,2,1,3,1,3,1,3,1,3,1,3,1,3,2,3,2,3,2,3,3,3,3,3,3,2,2,2,2,3,2,3,2,3,1,3,1,2,0,3,0,3,0,3,0,3,1,3,1,3,2,2,2,2,2,3,2,3,2,3,3,3,3,3,3,3,7
2,3,2,3,2,3,2,3,2,3,2,3,2,3,1,3,1,3,1,3,0,3,0,3,0,2,0,3,0,3,1,3,1,3,1,3,1,3,1,3,2,3,2,3,2,3,3,3,3,3,3,3,3,3,3,3,2,3,2,3,1,3,1,3,1,3,0,3,0,4,0,4,0,3,0,3,1,3,1,3,1,3,1,3,2,3,2,3,2,3,7
2,3,2,3,2,3,2,3,2,3,2,3,2,3,1,3,1,3,1,3,0,3,0,3,1,2,1,3,1,3,1,3,1,3,1,3,1,3,2,3,2,3,2,3,3,3,3,3,3,3,3,2,3,3,3,3,2,3,2,3,1,3,1,3,1,3,1,3,1,3,0,3,1,3,1,2,1,3,1,3,1,3,1,3,2,3,2,3,2,3,7
3,3,3,3,3,3,3,3,2,3,2,3,2,3,1,3,1,3,1,3,0,3,0,3,1,2,1,3,1,3,1,3,1,3,1,3,1,3,1,3,2,3,2,3,3,3,3,3,3,2,3,2,3,3,3,3,3,3,2,3,2,3,1,3,1,3,1,3,1,3,1,3,1,3,1,2,1,3,1,3,1,3,1,3,2,3,2,3,2,3,7
4,3,4,3,4,3,4,3,4,3,4,2,4,2,4,2,4,1,4,1,4,1,4,1,4,1,4,1,4,1,4,1,4,1,4,2,4,2,4,2,4,2,4,3,4,3,4,3,4,2,4,2,4,3,4,3,4,3,4,2,4,2,4,2,4,2,4,2,4,2,4,1,4,1,4,1,4,1,4,1,4,1,4,2,4,2,4,2,4,2,8
3,3,3,3,3,3,3,3,3,3,3,2,3,2,3,2,3,2,3,2,3,1,3,1,3,0,3,1,3,1,3,0,3,0,3,1,3,1,3,2,3,2,3,2,3,2,4,3,3,2,3,2,3,3,3,3,3,3,4,3,3,2,3,2,3,2,3,2,3,1,3,1,3,0,3,0,3,0,3,0,3,1,3,1,3,2,3,2,3,2,8
3,3,3,3,3,3,3,3,3,3,3,3,3,3,3,2,3,2,3,2,3,2,3,2,4,1,4,1,4,1,3,1,3,0,3,0,3,0,3,0,3,1,3,1,3,2,3,2,3,2,3,2,4,3,4,3,4,2,4,2,4,2,3,2,3,2,3,2,3,1,3,1,3,0,3,0,3,0,3,0,3,1,3,1,3,2,3,2,3,2,8
2,3,2,3,2,3,2,3,2,3,2,2,2,2,1,1,1,1,1,1,1,0,1,0,2,0,2,1,2,1,2,1,2,2,1,2,1,3,1,3,1,3,2,4,2,4,2,3,2,3,2,3,2,3,2,2,2,2,2,1,1,1,1,1,1,1,1,1,1,1,1,0,2,0,2,0,2,1,2,2,1,2,1,3,2,3,2,3,2,3,8
3,2,3,2,3,2,3,2,3,2,3,2,3,2,3,3,3,3,3,2,3,1,3,0,3,0,3,0,3,0,3,0,4,0,3,0,3,1,3,2,4,2,4,3,4,3,4,3,4,3,4,2,4,2,3,1,3,1,3,0,3,0,3,0,3,0,3,0,3,0,3,0,3,0,3,0,3,1,3,2,3,3,3,3,3,4,4,3,4,3,8
4,3,4,3,4,3,4,3,4,3,4,3,4,3,4,3,3,3,3,2,3,2,3,1,4,1,4,1,4,1,4,1,4,0,4,0,4,0,4,0,4,1,4,1,4,1,4,2,4,2,4,2,4,3,4,3,4,3,4,4,4,4,4,4,4,4,4,4,4,4,4,3,4,3,4,2,4,2,4,2,4,2,4,1,4,1,4,1,4,1,8
3,3,3,3,3,3,3,3,3,3,2,3,2,2,2,2,2,1,2,1,2,0,2,0,3,0,3,1,3,1,3,1,3,2,3,2,2,2,2,3,3,3,3,3,3,3,3,3,3,3,3,3,3,3,3,3,3,2,3,2,3,2,3,1,3,1,3,1,2,1,2,0,2,0,2,0,2,1,2,1,2,2,2,2,2,3,2,3,2,3,8
3,3,3,3,3,4,3,4,3,3,3,3,3,3,3,3,3,2,3,2,3,2,3,1,3,1,3,1,3,1,3,0,3,0,3,1,3,1,3,2,3,2,3,3,3,3,3,3,3,3,3,3,3,3,3,3,3,3,3,2,3,2,3,1,3,1,3,1,3,0,3,0,3,0,3,1,3,1,3,2,3,2,3,3,3,3,3,3,3,3,8
3,4,3,4,3,4,3,4,3,4,3,4,3,3,3,3,2,2,2,2,2,1,2,0,3,0,3,0,3,1,3,1,3,1,3,1,3,1,3,2,3,2,3,2,3,3,3,3,3,3,3,3,3,3,3,3,3,3,3,3,3,2,3,2,3,2,2,2,2,1,2,0,2,0,2,0,2,1,2,1,2,2,2,2,2,2,2,3,2,3,8
3,4,3,4,3,4,3,4,3,4,2,4,2,4,2,4,2,4,2,4,2,4,2,4,3,3,3,4,3,4,3,4,3,4,3,4,3,4,3,4,3,4,3,4,3,4,3,4,3,3,3,3,3,4,3,4,3,4,3,4,3,4,3,4,3,4,3,4,3,4,3,4,3,4,3,3,3,3,3,4,3,4,2,4,3,4,3,4,3,4,8
2,4,2,4,2,4,2,4,2,4,2,4,2,4,2,4,2,3,2,3,2,2,2,1,2,1,2,1,2,0,2,0,2,0,2,1,2,2,2,2,2,3,3,3,3,3,3,3,3,3,3,3,3,4,3,3,3,3,3,2,3,2,3,2,2,2,2,1,2,1,2,1,2,1,2,1,2,1,2,2,2,3,2,3,2,4,3,4,3,4,8
3,4,3,4,3,4,2,4,2,4,2,3,2,3,2,2,2,2,2,1,2,1,2,0,3,0,3,0,3,1,3,1,3,1,3,2,3,2,3,3,3,3,3,3,3,3,3,4,3,3,3,3,3,3,3,3,3,3,3,2,3,2,3,2,3,1,3,1,3,0,3,0,3,0,3,0,3,1,3,2,3,2,3,3,3,3,3,3,3,3,8
2,3,2,3,2,3,2,3,2,3,2,3,1,3,1,2,1,2,1,2,1,1,1,1,1,1,1,1,1,1,1,1,1,0,1,1,0,1,1,2,1,2,1,2,1,3,2,3,2,3,2,3,2,4,2,4,2,4,2,4,2,4,2,4,2,3,1,3,1,3,1,2,1,2,1,1,1,1,1,1,1,1,1,2,1,3,1,3,1,3,8
2,3,2,3,2,3,2,3,2,3,2,3,2,3,2,3,1,2,1,2,1,1,1,1,1,1,1,1,1,1,1,1,1,0,1,1,1,1,1,2,1,2,1,3,2,3,2,3,2,3,2,3,2,4,2,4,2,4,2,3,2,3,1,3,1,2,1,2,1,2,1,1,1,0,1,1,1,0,1,1,1,2,1,2,1,3,2,3,2,3,8
2,3,2,3,2,3,2,3,2,3,2,3,2,2,2,2,2,1,2,1,2,0,2,0,2,0,2,0,2,0,2,0,2,0,2,0,2,1,2,1,2,2,2,2,2,3,2,3,2,3,2,3,2,4,2,4,2,4,2,4,2,3,2,3,1,3,2,2,2,2,2,1,2,0,2,0,2,0,2,0,1,0,1,0,2,1,2,1,2,1,8
2,3,2,3,2,3,2,3,2,3,2,3,2,3,2,2,2,2,2,1,1,1,1,0,2,0,2,1,2,1,2,1,2,0,2,1,2,1,2,2,2,3,2,3,2,3,2,3,2,3,2,3,2,3,2,3,2,3,2,3,2,2,2,2,2,2,2,1,2,1,2,0,2,0,2,0,2,0,2,0,1,0,2,1,2,1,2,2,2,2,8
2,3,2,3,2,3,2,3,2,3,2,2,2,2,1,1,1,0,1,0,1,0,1,0,1,0,1,1,2,1,2,1,2,2,2,2,2,3,2,3,2,4,2,4,2,4,2,4,2,3,2,3,2,3,2,3,2,3,1,2,1,2,1,2,1,1,1,1,1,1,1,0,1,0,1,0,1,0,1,1,1,1,1,2,1,2,2,3,2,3,8
2,3,2,3,2,3,2,3,2,3,2,2,2,2,2,2,2,1,2,1,2,0,2,0,2,0,2,0,2,1,2,0,2,0,2,0,2,1,2,1,2,2,2,2,2,3,2,3,2,3,2,3,2,4,2,4,2,4,2,4,2,4,2,4,2,3,2,3,2,3,2,2,2,1,2,1,2,1,2,1,2,0,2,1,2,1,2,1,2,1,8
2,3,2,3,2,3,2,3,2,3,2,3,2,3,2,3,2,2,1,2,1,2,1,1,2,1,2,1,2,1,1,1,1,0,1,0,1,0,1,1,1,1,1,1,1,2,1,2,1,2,1,2,1,3,1,3,1,3,1,3,1,3,1,3,1,3,1,3,1,3,1,2,2,2,2,1,2,1,1,1,1,1,1,1,1,1,1,1,1,1,8
2,4,2,3,2,4,2,4,2,4,2,3,2,3,2,3,1,3,1,2,1,2,1,2,1,1,1,1,1,1,1,1,1,1,1,1,1,1,1,1,1,2,1,2,1,2,1,2,1,3,1,3,2,4,2,4,2,4,2,4,2,4,2,4,2,4,2,3,2,3,1,3,2,2,2,1,2,1,1,1,1,1,1,1,1,2,1,2,1,2,8
2,4,2,4,2,4,2,4,2,4,2,4,2,3,2,3,2,3,1,3,1,2,1,2,2,2,2,2,2,2,2,2,2,1,1,1,1,1,1,2,1,2,1,2,2,2,2,2,2,2,2,3,2,3,2,3,2,4,2,4,2,4,2,4,2,4,2,4,2,4,2,3,2,2,2,2,2,2,1,2,1,2,1,2,1,2,1,2,1,2,8
2,4,2,4,2,4,2,4,2,4,2,4,2,4,2,3,2,3,1,3,1,2,1,2,2,2,2,2,2,2,2,1,2,1,1,1,1,1,1,1,1,1,1,2,2,2,1,2,2,2,2,2,2,3,2,3,2,4,2,4,2,4,2,4,2,4,2,4,2,3,2,3,2,2,2,2,1,1,1,1,1,1,1,1,1,2,1,2,1,2,8
2,4,2,4,2,4,2,4,2,3,2,3,2,3,2,3,1,2,1,2,1,1,1,1,2,1,2,1,2,1,2,1,2,1,2,1,1,1,1,2,1,2,2,2,2,3,2,3,2,3,2,3,2,4,2,4,2,4,2,4,2,4,2,3,2,3,2,3,2,3,2,2,2,2,2,1,2,1,2,1,1,1,1,2,2,2,2,2,2,2,8
2,4,2,4,2,4,2,4,2,4,2,3,2,3,2,2,1,2,1,2,1,2,1,1,1,1,1,1,1,1,1,1,1,1,1,1,1,1,1,1,1,2,1,2,1,3,1,3,1,3,1,3,1,4,1,4,1,4,1,3,1,2,1,2,1,2,1,2,1,2,1,1,1,1,1,1,1,1,1,2,1,2,1,2,1,3,1,3,1,3,8
2,0,2,0,2,0,2,0,2,0,2,0,2,0,1,0,1,0,1,0,1,0,1,0,1,0,1,0,1,1,1,0,1,0,0,0,0,0,0,1,0,1,0,1,0,1,0,2,0,2,0,2,0,3,1,3,1,3,1,3,1,3,1,4,1,4,1,4,2,4,2,4,2,3,2,3,2,3,2,3,2,3,2,3,2,3,3,3,3,3,9
2,0,2,0,2,0,2,0,2,0,2,0,2,0,2,0,2,0,2,0,2,0,2,0,2,0,2,0,2,0,2,0,2,0,2,0,1,0,1,0,1,0,1,0,1,0,1,0,1,0,1,0,1,1,1,1,1,1,0,2,0,2,0,2,0,3,0,3,1,3,1,3,1,3,1,3,1,3,2,4,2,4,2,4,2,4,2,4,2,4,9
2,0,2,0,2,0,2,0,2,0,2,0,2,0,2,0,2,0,2,0,2,0,2,0,2,0,2,0,2,0,2,0,1,0,1,0,1,0,1,0,0,1,1,1,1,1,1,1,1,1,1,2,1,2,1,2,1,3,1,3,1,3,1,3,1,4,1,4,2,4,2,4,2,3,2,3,2,3,2,4,2,4,3,4,3,4,3,3,3,3,9
2,1,2,1,2,1,2,1,2,1,2,1,2,1,2,1,2,1,2,1,2,1,2,1,2,1,2,1,2,1,2,1,2,1,2,0,1,0,1,0,1,0,1,0,1,0,1,0,1,0,1,0,1,1,1,1,1,1,0,1,0,1,0,2,0,2,0,2,0,2,0,2,0,2,0,2,0,2,0,3,0,3,0,4,0,4,0,4,0,4,9
3,1,3,1,3,1,3,1,3,1,3,1,3,1,3,1,3,1,3,1,3,1,3,1,3,1,3,1,3,1,3,1,3,1,3,1,3,1,3,1,3,1,3,1,3,1,3,1,3,1,3,1,3,1,3,1,3,1,3,1,3,1,3,1,3,1,2,1,2,1,2,0,2,0,2,0,2,0,2,1,2,1,2,1,2,1,2,1,2,1,9
3,0,3,0,3,0,3,0,3,0,3,0,3,0,3,0,3,0,3,0,3,0,3,0,3,0,3,1,3,1,3,0,3,0,2,0,2,0,2,0,2,0,2,0,2,0,2,1,1,1,1,1,1,1,1,1,1,2,1,2,1,2,1,3,1,3,1,3,2,3,2,3,2,3,2,3,2,3,2,4,2,4,3,4,3,4,3,4,3,4,9
3,0,3,0,3,0,3,0,3,0,3,0,3,0,3,0,3,0,3,0,3,0,3,0,3,0,3,1,3,1,3,0,3,0,2,0,2,0,2,0,1,0,1,0,1,0,1,0,1,0,1,1,1,1,1,1,1,1,1,2,0,2,0,2,0,3,0,3,1,3,1,3,1,3,1,3,1,3,1,3,1,3,1,4,2,4,2,4,2,4,9
3,0,3,0,3,0,3,0,3,0,3,0,3,0,3,0,3,0,3,0,3,0,3,0,3,0,3,1,2,1,2,0,2,0,2,0,2,0,1,0,1,0,1,0,1,0,1,1,1,1,1,1,1,1,1,1,1,1,1,2,1,2,1,2,1,3,1,3,1,3,1,3,1,3,2,2,2,3,2,3,2,3,2,4,2,4,2,4,2,4,9
3,1,3,1,3,1,3,1,3,1,3,1,3,1,3,1,3,1,3,1,3,1,3,1,3,1,3,1,3,1,3,1,3,0,3,0,2,0,2,0,2,0,2,0,2,0,2,0,2,0,2,1,2,1,2,1,2,1,2,1,2,2,2,2,2,3,2,3,2,3,2,3,2,3,2,2,2,3,2,3,2,3,2,4,2,4,2,3,2,3,9
3,0,3,0,3,0,3,0,3,0,3,0,3,0,3,0,3,0,2,0,2,0,2,0,2,0,2,0,2,0,2,0,2,0,1,0,1,1,1,1,1,1,1,1,1,2,1,2,2,2,2,2,2,3,2,3,2,3,2,3,2,3,3,4,3,4,3,4,3,4,3,4,4,3,4,3,4,3,4,3,4,4,4,4,4,4,4,3,4,3,9
3,0,3,0,3,0,3,0,3,0,3,0,3,0,3,0,3,0,3,0,3,0,3,0,3,0,3,1,3,1,2,0,2,0,2,0,2,0,1,0,1,0,1,1,1,1,1,1,1,1,1,1,1,2,1,2,1,2,1,3,2,3,2,3,2,4,2,4,2,4,2,4,3,3,3,3,3,3,3,4,3,4,3,4,3,4,3,4,3,4,9
3,0,3,0,3,0,3,0,3,0,3,0,3,0,3,0,3,0,3,0,3,0,2,0,3,0,3,0,2,0,2,0,2,0,2,0,2,0,2,0,2,0,2,0,2,0,2,0,2,0,1,1,1,1,1,1,1,1,1,1,1,2,1,2,1,2,1,2,2,3,2,3,2,2,2,2,2,2,2,3,2,3,2,3,2,3,2,3,2,3,9
2,0,2,0,2,0,2,0,2,0,2,0,2,0,2,0,2,0,2,0,2,0,2,0,2,0,2,0,2,0,2,0,2,0,2,0,1,0,1,0,1,0,1,0,1,0,1,0,1,0,1,0,1,0,1,0,0,0,0,1,0,1,0,1,0,1,0,1,0,1,0,1,0,1,0,1,0,1,0,1,0,2,0,2,0,2,0,2,0,2,9
2,0,2,0,2,0,2,0,2,0,2,0,2,0,1,0,1,0,1,0,1,0,1,0,1,1,1,1,1,2,0,2,0,1,0,1,0,2,0,2,0,2,1,2,1,2,1,3,2,2,2,3,2,3,2,3,3,3,3,3,3,3,3,4,3,4,3,4,3,4,3,4,3,3,3,3,3,3,3,4,3,4,3,4,3,4,3,4,3,3,9
2,0,2,0,2,0,2,0,2,0,2,0,2,0,2,0,2,0,2,0,2,0,2,0,2,0,2,1,2,1,2,1,1,1,1,1,1,1,1,1,1,1,1,1,1,1,1,1,1,1,1,1,1,1,1,1,1,1,1,1,0,2,0,2,0,2,0,2,1,2,1,2,1,2,1,2,1,2,1,2,1,3,1,3,1,3,1,3,1,3,9
2,0,2,0,2,0,2,0,2,0,2,0,2,0,2,0,1,0,1,0,1,0,1,0,1,0,1,1,1,1,1,1,1,1,0,1,0,1,0,1,0,1,0,1,0,1,0,1,1,1,1,1,1,2,1,2,1,3,1,3,1,3,1,3,1,4,2,4,2,4,2,4,2,4,3,3,3,3,3,4,3,4,3,4,3,4,3,4,3,4,9
3,0,3,0,3,0,3,0,3,0,3,0,2,0,2,0,2,0,2,0,2,0,2,0,2,0,2,1,1,1,1,1,1,1,1,1,0,1,0,1,0,1,1,1,1,2,1,2,1,1,1,1,1,2,1,2,1,3,1,3,1,3,2,3,2,4,2,4,2,4,2,4,3,4,3,3,3,3,3,4,3,4,3,4,3,4,3,4,3,4,9
2,0,2,0,2,0,2,0,2,0,2,0,2,0,2,0,1,0,1,0,1,0,1,0,1,0,1,1,1,1,1,1,0,1,0,1,0,1,0,1,0,1,0,1,0,1,0,1,0,1,1,2,1,2,1,3,1,3,1,3,1,3,1,4,1,4,2,4,2,4,2,4,3,4,3,3,3,3,3,4,3,4,3,4,3,4,3,4,3,4,9
1,1,1,1,1,1,1,1,1,1,1,1,1,1,1,1,1,1,1,1,1,1,1,1,1,1,1,2,1,2,1,2,1,1,1,1,0,1,0,1,0,1,0,1,0,1,0,1,0,1,0,1,0,2,0,2,0,2,0,2,0,2,0,2,0,2,0,2,0,2,0,2,0,2,0,2,0,2,0,2,0,3,0,3,0,3,0,3,0,3,9
2,2,2,2,2,2,2,2,2,2,2,2,2,2,2,2,1,2,1,2,1,2,1,1,1,1,1,2,1,2,1,2,1,1,0,1,0,1,0,1,0,2,0,2,0,2,0,2,0,2,0,2,0,2,0,3,0,3,0,3,0,3,0,4,0,4,0,4,0,4,0,4,1,4,1,3,1,3,1,4,1,4,1,4,2,4,2,4,2,4,9
2,1,2,1,2,1,2,1,2,1,2,1,2,1,2,1,2,1,2,1,2,1,2,1,2,1,2,2,2,2,1,2,1,1,1,1,0,1,0,2,0,2,0,2,0,2,0,2,0,2,0,2,0,2,0,3,0,3,0,3,0,3,1,4,1,4,1,4,1,4,1,4,2,4,2,3,2,3,2,4,2,4,2,4,2,4,2,4,2,3,9
1,1,1,1,1,1,1,1,1,1,1,1,1,1,1,1,1,1,1,1,1,1,1,1,1,1,1,2,1,2,1,2,1,1,1,1,0,1,0,1,0,1,0,1,0,1,0,1,0,1,0,1,0,2,0,2,0,2,0,2,0,2,0,2,0,2,0,2,0,2,0,2,0,2,0,2,0,2,0,2,0,3,0,3,0,3,0,3,0,3,9
2,2,2,2,2,2,2,2,2,2,2,2,2,2,2,2,1,2,1,2,1,2,1,1,1,1,1,2,1,2,1,2,1,1,0,1,0,1,0,1,0,2,0,2,0,2,0,2,0,2,0,2,0,2,0,3,0,3,0,3,0,3,0,4,0,4,0,4,0,4,0,4,1,4,1,3,1,3,1,4,1,4,1,4,2,4,2,4,2,4,9
2,1,2,1,2,1,2,1,2,1,2,1,2,1,2,1,2,1,2,1,2,1,2,1,2,1,2,2,2,2,1,2,1,1,1,1,0,1,0,2,0,2,0,2,0,2,0,2,0,2,0,2,0,2,0,3,0,3,0,3,0,3,1,4,1,4,1,4,1,4,1,4,2,4,2,3,2,3,2,4,2,4,2,4,2,4,2,4,2,3,9
2,0,2,0,2,0,2,0,2,0,2,0,2,0,2,0,2,0,2,0,2,0,2,0,3,0,3,0,3,0,3,0,3,0,3,0,4,0,4,0,4,1,4,1,4,1,4,1,4,1,4,2,4,2,4,2,4,3,4,3,4,3,4,3,4,3,4,3,4,3,4,3,4,3,3,3,3,3,3,3,3,3,3,4,3,4,3,3,3,3,10
3,0,3,0,3,0,3,0,3,0,3,0,3,0,3,0,3,0,3,0,3,0,3,0,4,0,4,1,4,1,4,1,4,1,4,1,4,1,4,2,4,2,4,2,4,2,4,2,4,2,4,2,4,3,4,3,3,3,3,3,3,3,3,3,3,3,3,3,3,3,2,3,2,3,2,3,2,3,2,3,2,3,2,3,2,3,2,3,2,3,10
1,0,1,0,1,0,1,0,1,0,1,0,1,0,1,0,1,0,1,0,1,0,1,0,1,0,1,0,1,0,1,0,1,0,1,0,1,0,1,0,1,0,1,0,1,0,1,0,2,0,2,0,2,0,2,0,2,0,2,0,2,0,2,0,2,0,2,0,3,0,3,0,3,0,3,0,3,0,3,0,3,0,3,1,3,1,3,1,3,1,10
2,1,2,1,2,1,2,1,2,1,2,1,2,1,2,1,2,1,2,1,2,1,2,1,2,1,2,2,2,2,2,2,3,1,2,1,2,1,2,1,3,1,3,1,3,1,3,1,3,1,3,1,3,1,3,1,4,1,4,1,4,1,4,1,4,2,4,2,4,1,4,1,4,1,4,1,4,1,4,2,4,2,4,2,4,2,4,2,4,2,10
2,1,2,1,2,1,2,1,2,1,2,1,2,1,2,1,2,1,2,1,2,1,2,1,2,1,2,2,3,2,3,2,3,1,3,1,3,1,3,1,3,0,3,0,3,0,4,0,4,1,4,1,4,1,4,2,4,2,4,2,4,2,4,3,4,3,4,4,4,4,4,4,4,4,4,4,3,4,3,4,3,4,3,4,2,4,2,3,2,3,10
2,0,2,0,2,0,2,0,2,0,2,0,2,0,2,0,2,0,2,0,2,0,2,0,2,0,3,1,3,1,3,0,3,0,3,0,3,0,4,0,4,1,4,1,4,1,4,1,4,1,4,2,4,2,4,3,4,2,4,3,4,3,4,3,4,3,4,4,3,4,3,4,3,3,3,3,3,3,2,4,2,4,2,4,2,4,2,3,2,3,10
1,0,1,0,1,0,1,0,1,0,1,0,1,0,1,0,1,0,1,0,1,0,2,0,2,0,2,0,3,0,3,0,3,0,4,0,4,1,4,1,4,1,4,2,4,2,4,2,4,2,4,2,4,3,4,3,3,3,3,3,3,3,3,3,3,4,3,4,2,4,2,4,2,3,2,3,2,3,2,3,2,4,2,4,2,4,1,3,1,3,10
1,0,1,0,1,0,1,0,1,0,1,0,1,0,1,0,1,0,2,0,2,0,2,0,2,0,3,1,3,1,3,1,3,1,3,1,3,1,3,2,4,2,4,2,4,3,4,3,3,3,3,3,3,3,3,3,3,3,3,3,3,4,2,4,2,4,2,4,2,4,2,4,2,3,2,3,2,3,2,4,1,4,1,4,1,4,1,4,1,3,10
1,0,1,0,1,0,1,0,1,0,1,0,1,0,1,0,1,0,1,0,2,0,2,0,2,0,2,1,2,1,3,1,3,0,3,0,3,1,3,1,3,1,3,1,4,2,4,2,4,2,4,2,4,3,4,3,3,3,3,3,3,3,3,3,3,4,3,4,3,4,3,4,3,3,2,3,2,3,2,4,2,4,2,4,2,4,2,4,2,4,10
1,0,1,0,1,0,1,0,1,0,1,0,1,0,1,0,1,0,1,0,1,0,1,0,2,0,2,1,2,1,2,0,2,0,3,0,3,0,3,0,3,0,3,1,3,1,3,1,4,1,4,1,4,1,4,2,4,2,4,2,3,2,3,3,3,3,3,3,3,3,3,3,3,3,3,3,3,3,2,3,2,4,2,4,2,4,2,3,2,3,10
1,0,1,0,1,0,1,0,1,0,1,0,1,0,1,0,1,0,1,0,1,0,2,0,2,0,2,1,3,1,3,1,3,0,3,0,3,1,4,1,4,1,4,1,4,2,4,2,4,2,4,2,4,2,3,3,3,3,3,3,3,3,3,3,3,4,3,4,2,4,2,4,2,3,2,3,2,3,2,4,2,4,2,4,2,4,1,3,1,3,10
2,0,2,0,2,0,2,0,2,0,2,0,1,0,1,0,1,0,1,0,1,0,1,0,2,0,2,1,2,1,2,0,2,0,2,0,1,0,1,0,2,0,2,0,3,0,3,0,3,0,3,0,3,1,4,1,4,1,4,2,4,2,4,3,3,3,3,3,3,3,3,3,3,3,3,3,2,3,2,4,2,4,2,4,2,4,1,4,1,3,10
2,0,2,0,2,0,2,0,2,0,2,0,2,0,2,0,2,0,2,0,2,0,2,0,2,0,2,0,3,0,3,0,3,0,3,0,3,0,3,0,3,0,3,0,3,0,3,0,4,0,4,0,4,0,4,0,4,1,4,1,4,1,4,1,4,2,4,2,4,2,4,2,4,2,4,2,4,2,4,2,4,2,4,3,4,3,4,3,4,3,10
2,1,2,1,2,1,2,1,2,1,2,1,2,1,2,1,2,0,2,0,2,0,2,0,2,0,2,1,2,1,2,1,2,0,2,0,2,0,2,0,2,0,3,0,3,0,3,0,3,0,3,0,3,1,3,1,3,1,3,1,3,1,3,1,3,2,3,2,4,2,4,2,4,2,4,1,4,2,4,2,3,2,3,2,3,2,3,2,3,3,10
2,0,2,0,2,0,2,0,2,0,2,0,2,0,2,0,2,0,2,0,2,0,2,0,2,0,2,1,3,1,3,1,3,0,3,0,3,0,3,0,3,0,3,0,3,0,3,0,3,0,3,0,3,1,4,1,4,1,4,1,4,1,4,2,4,2,4,2,4,2,4,2,4,2,4,1,4,2,4,2,3,2,3,2,3,3,3,2,3,3,10
2,0,2,0,2,0,2,0,2,0,2,0,2,0,2,0,2,0,2,0,2,0,2,0,2,0,2,1,2,1,2,0,2,0,2,0,2,0,3,0,3,0,3,0,3,0,3,0,3,0,3,0,3,1,4,1,4,1,4,1,4,1,4,2,3,2,4,2,4,2,4,2,4,2,4,2,4,2,4,2,3,3,3,3,3,3,3,3,3,3,10
2,0,2,0,2,0,2,0,2,0,2,0,2,0,2,0,2,0,2,0,2,0,2,0,2,0,2,1,2,1,3,1,3,0,3,0,3,0,3,0,3,0,3,0,3,0,3,0,3,0,3,0,4,1,4,1,4,1,4,1,4,1,4,2,4,2,4,2,4,2,4,2,4,2,4,1,4,2,4,2,4,2,4,2,4,3,4,3,3,3,10
2,0,2,0,2,0,2,0,2,0,2,0,2,0,2,0,2,0,2,0,2,0,2,0,2,0,3,1,3,1,3,1,3,1,3,1,3,1,3,1,4,1,4,1,4,2,4,2,4,2,4,2,4,2,4,2,4,2,4,3,4,3,3,3,3,3,3,3,3,3,3,3,3,3,3,3,3,3,2,3,2,4,2,4,2,4,2,3,2,3,10
1,1,1,1,1,1,1,1,1,1,1,1,1,1,1,1,1,1,2,1,2,1,2,1,2,1,2,2,2,2,3,2,3,2,3,2,3,2,3,2,3,3,3,3,3,3,3,3,3,3,3,3,3,4,3,4,3,4,3,4,2,4,2,4,2,4,2,4,2,4,2,4,2,4,2,3,2,3,1,4,1,4,1,4,1,4,1,4,1,3,10
1,1,1,1,1,1,1,1,1,1,1,1,1,1,1,1,1,1,1,1,1,2,1,2,1,1,1,2,1,2,1,2,1,1,1,1,1,1,1,1,2,1,2,1,2,1,2,2,2,2,3,2,3,2,3,2,3,3,3,3,2,3,2,3,2,3,2,4,2,4,2,3,2,3,2,3,2,3,1,4,1,4,1,4,1,4,1,3,1,3,10
1,1,2,1,2,1,1,1,1,1,1,1,1,1,1,1,2,1,2,1,2,1,2,2,2,1,2,2,2,2,2,2,2,2,2,2,2,3,2,3,2,3,2,3,2,3,2,3,2,3,2,3,2,3,2,3,2,3,2,4,2,4,2,4,2,4,2,4,2,4,1,4,2,3,1,3,1,3,1,3,1,3,1,3,1,3,1,3,1,3,10
1,1,1,1,1,1,1,1,1,1,1,1,1,1,1,1,1,1,2,1,2,1,2,1,2,1,2,2,2,2,3,2,3,2,3,2,3,2,3,2,3,3,3,3,3,3,3,3,3,3,3,3,3,4,3,4,3,4,3,4,2,4,2,4,2,4,2,4,2,4,2,4,2,4,2,3,2,3,1,4,1,4,1,4,1,4,1,4,1,3,10
1,1,1,1,1,1,1,1,1,1,1,1,1,1,1,1,1,1,1,1,1,2,1,2,1,1,1,2,1,2,1,2,1,1,1,1,1,1,1,1,2,1,2,1,2,1,2,2,2,2,3,2,3,2,3,2,3,3,3,3,2,3,2,3,2,3,2,4,2,4,2,3,2,3,2,3,2,3,1,4,1,4,1,4,1,4,1,3,1,3,10
1,1,2,1,2,1,1,1,1,1,1,1,1,1,1,1,2,1,2,1,2,1,2,2,2,1,2,2,2,2,2,2,2,2,2,2,2,3,2,3,2,3,2,3,2,3,2,3,2,3,2,3,2,3,2,3,2,3,2,4,2,4,2,4,2,4,2,4,2,4,1,4,2,3,1,3,1,3,1,3,1,3,1,3,1,3,1,3,1,3,10
3,1,3,1,3,1,3,1,3,1,3,1,3,1,3,1,3,1,3,1,3,0,2,0,2,0,2,1,2,1,2,0,2,0,2,0,1,0,1,0,1,1,1,1,1,1,1,2,1,2,1,2,1,3,2,3,2,3,2,3,2,4,2,4,3,4,3,4,3,4,3,4,4,3,4,3,4,3,4,3,3,3,3,3,3,3,3,2,3,2,11
3,2,3,2,3,2,3,2,3,2,3,2,3,2,3,1,3,1,3,1,3,1,3,1,3,0,3,1,3,1,3,0,2,0,2,0,1,0,1,0,1,0,1,0,1,1,1,1,1,1,1,1,1,2,1,2,1,3,1,3,1,4,1,4,1,4,1,4,2,4,2,4,2,4,3,3,3,3,3,3,3,3,3,3,3,3,3,3,3,2,11
3,2,3,2,3,2,3,2,3,2,3,2,3,2,3,1,3,1,3,1,3,1,3,1,3,1,3,1,3,1,3,0,2,0,2,0,2,0,1,0,1,0,1,0,1,1,1,1,1,1,1,1,1,2,1,2,1,3,1,3,1,3,1,4,2,4,2,4,2,4,2,4,2,4,3,3,3,3,3,3,3,3,3,3,3,3,3,3,3,3,11
2,1,2,1,2,1,2,1,2,1,2,1,2,1,2,1,1,1,1,1,1,0,1,0,1,0,1,1,1,1,1,1,1,1,0,1,0,1,0,1,0,2,0,2,0,2,0,2,1,2,1,2,1,3,1,3,1,3,1,3,1,3,1,4,2,4,2,4,2,4,2,4,3,3,3,3,3,3,3,3,3,3,3,3,3,3,3,2,3,2,11
1,1,1,1,1,1,1,2,1,2,1,1,1,1,1,1,1,1,2,1,2,1,2,1,3,1,3,2,3,2,3,2,4,2,4,2,4,2,4,3,3,3,3,3,3,3,3,3,3,3,3,2,2,3,2,3,2,3,2,3,2,3,1,3,1,3,1,3,1,2,1,2,1,2,1,1,1,1,1,2,1,2,1,2,2,2,2,2,2,2,11
2,0,2,0,2,0,2,0,2,0,2,0,2,0,2,0,2,0,2,0,2,0,2,0,2,0,2,1,2,1,2,0,1,0,1,0,0,1,0,1,0,2,0,3,1,4,1,4,1,4,2,4,2,4,2,4,2,4,3,3,3,3,3,3,3,3,3,2,3,2,3,1,3,1,3,0,3,0,3,0,2,0,2,0,2,1,2,1,2,1,11
3,0,3,0,3,0,3,0,3,0,3,0,3,0,3,0,2,0,2,0,2,0,2,0,2,0,1,1,1,1,1,1,1,2,1,2,1,2,1,3,1,3,2,3,2,3,2,3,2,3,3,3,3,3,3,3,3,3,3,3,4,3,4,3,4,3,4,3,4,2,3,2,3,1,3,1,3,1,3,1,3,1,2,1,2,1,2,1,2,1,11
3,0,3,0,3,0,3,0,3,0,3,0,3,0,3,0,3,0,2,0,2,0,2,0,2,0,2,0,2,0,2,0,1,0,1,0,1,1,1,1,1,1,1,2,1,2,1,2,1,2,2,2,2,3,2,3,2,3,2,3,2,3,2,3,3,4,3,4,3,3,3,3,3,3,4,2,4,2,4,2,4,2,3,2,4,2,3,2,3,2,11
3,1,3,1,3,1,3,1,3,1,3,1,3,0,3,0,3,0,3,0,2,0,2,0,2,0,2,1,2,1,2,1,2,1,1,1,1,1,1,2,1,2,1,2,1,3,2,3,2,3,2,3,2,3,3,3,3,3,3,3,3,3,3,3,4,3,4,3,4,3,4,2,4,2,4,1,4,1,4,1,4,1,4,1,4,1,3,1,3,1,11
3,1,3,1,3,1,3,1,3,1,3,1,3,1,3,1,3,1,3,1,3,0,3,0,3,0,3,0,3,0,3,0,2,0,2,0,2,0,1,0,1,0,1,1,1,1,1,1,1,1,1,2,2,2,2,3,2,3,2,3,2,3,3,3,3,4,3,3,3,3,3,3,4,2,4,2,4,2,4,2,4,2,4,2,4,2,4,1,3,1,11
3,1,3,1,3,1,3,1,3,1,3,1,3,1,3,1,3,0,3,0,3,0,3,0,3,0,3,1,3,1,2,0,2,0,2,0,1,0,1,0,1,0,1,1,1,1,1,1,1,1,1,1,2,2,2,2,2,2,2,3,2,3,2,3,2,3,2,3,3,3,3,3,3,3,3,2,3,2,3,2,3,2,3,2,3,2,3,2,3,2,11
4,2,4,2,4,2,4,2,4,2,4,2,4,2,4,2,4,2,4,2,4,2,4,1,4,1,4,1,4,1,4,1,4,0,3,0,3,0,3,0,2,0,2,0,2,0,1,0,1,0,1,1,1,2,1,2,1,2,1,3,1,3,2,4,2,4,2,4,2,4,3,4,3,3,3,3,4,3,4,3,4,3,4,3,4,3,4,3,4,2,11
2,0,2,0,2,0,2,0,2,0,2,0,2,0,1,0,1,0,1,1,0,1,0,1,1,1,1,2,1,2,1,3,1,3,1,3,1,3,1,3,1,4,2,4,2,4,2,4,3,3,3,3,3,4,3,3,3,3,4,3,4,3,4,3,4,3,4,3,4,3,4,2,4,2,4,1,4,1,4,1,4,1,3,1,3,1,3,1,3,1,11
2,0,2,0,2,0,2,0,2,0,2,0,1,0,1,0,1,0,1,0,0,0,0,1,0,1,0,1,0,2,0,2,0,3,0,4,0,4,1,4,1,4,2,4,2,4,3,4,3,3,3,3,3,4,4,3,4,3,4,3,4,3,4,2,4,2,4,2,4,1,4,1,4,0,3,0,3,0,3,0,2,0,2,0,2,0,2,0,2,0,11
2,0,2,0,2,0,2,0,2,0,2,0,2,0,2,0,1,0,1,0,1,0,1,0,1,1,0,2,0,2,0,2,0,1,0,2,0,2,0,2,0,3,0,3,1,3,1,4,1,3,2,3,2,4,2,4,3,4,3,4,3,4,3,4,4,4,4,4,4,4,4,4,4,3,4,2,4,2,4,3,4,2,4,2,4,2,4,1,4,1,11
2,0,2,0,2,0,2,0,2,0,2,0,2,0,2,0,2,0,1,0,1,0,1,0,1,0,1,1,1,1,1,1,1,1,0,1,0,1,0,1,0,1,0,1,0,2,0,2,0,1,0,2,0,2,1,2,1,3,1,3,1,3,1,4,1,4,1,4,2,4,2,4,2,4,3,4,3,4,3,4,3,4,3,4,3,4,4,4,4,4,11
2,0,2,0,2,0,2,0,2,0,2,0,2,0,2,0,1,0,1,0,1,0,0,0,0,1,0,1,0,2,0,2,0,2,0,2,0,2,0,3,0,3,0,3,1,4,1,4,2,4,2,4,3,4,3,4,3,4,4,4,4,4,4,4,4,4,4,3,4,3,4,2,4,2,4,1,4,1,4,1,3,1,3,0,3,0,2,0,2,0,11
2,0,2,0,2,0,2,0,2,0,2,0,1,0,1,0,0,0,0,1,0,1,0,1,0,1,0,2,1,2,1,2,1,3,1,3,1,3,1,3,2,3,2,4,2,4,3,4,3,3,4,3,4,4,4,3,4,3,4,3,4,3,4,3,4,2,4,2,4,2,4,1,4,0,4,0,3,0,3,0,3,0,2,0,2,0,2,0,2,1,11
1,2,1,2,1,2,1,2,1,2,1,2,1,2,1,2,1,2,1,2,1,2,1,2,1,2,1,2,1,2,1,2,1,2,1,2,0,2,0,2,0,2,0,2,0,2,0,2,0,2,0,2,0,3,0,3,0,3,1,4,1,4,1,4,1,4,2,4,2,4,2,4,2,3,2,3,2,3,2,3,2,3,2,3,2,3,2,3,2,3,11
2,3,2,3,2,3,2,3,2,3,2,3,2,3,2,3,2,3,1,3,1,3,2,3,2,2,2,3,2,3,2,2,2,2,1,2,1,2,1,2,1,2,1,2,0,2,0,2,0,2,0,2,0,2,0,2,0,3,0,3,0,3,0,4,0,4,0,4,0,4,1,4,1,4,1,3,1,4,1,4,1,4,2,4,2,4,2,4,2,4,11
1,3,1,3,1,3,1,3,1,3,1,3,1,3,1,3,1,3,1,3,1,3,1,3,1,2,1,3,1,3,1,3,1,2,1,2,1,2,0,2,0,2,0,2,0,2,0,2,0,2,0,2,0,2,0,2,0,2,0,3,0,3,0,3,0,4,0,4,0,4,0,4,0,4,0,3,1,3,1,4,1,4,1,4,1,4,1,4,1,4,11
1,2,1,2,1,2,1,2,1,2,1,2,1,2,1,2,1,2,1,2,1,2,1,2,1,2,1,2,1,2,1,2,1,2,1,2,0,2,0,2,0,2,0,2,0,2,0,2,0,2,0,2,0,3,0,3,0,3,1,4,1,4,1,4,1,4,2,4,2,4,2,4,2,3,2,3,2,3,2,3,2,3,2,3,2,3,2,3,2,3,11
2,3,2,3,2,3,2,3,2,3,2,3,2,3,2,3,2,3,1,3,1,3,2,3,2,2,2,3,2,3,2,2,2,2,1,2,1,2,1,2,1,2,1,2,0,2,0,2,0,2,0,2,0,2,0,2,0,3,0,3,0,3,0,4,0,4,0,4,0,4,1,4,1,4,1,3,1,4,1,4,1,4,2,4,2,4,2,4,2,4,11
1,3,1,3,1,3,1,3,1,3,1,3,1,3,1,3,1,3,1,3,1,3,1,3,1,2,1,3,1,3,1,3,1,2,1,2,1,2,0,2,0,2,0,2,0,2,0,2,0,2,0,2,0,2,0,2,0,2,0,3,0,3,0,3,0,4,0,4,0,4,0,4,0,4,0,3,1,3,1,4,1,4,1,4,1,4,1,4,1,4,11
4,2,4,2,4,2,4,2,4,2,4,2,4,2,4,2,4,2,4,2,4,2,3,2,3,1,4,2,3,2,3,2,3,1,3,1,3,1,3,1,3,1,3,1,3,1,3,1,2,1,2,1,2,1,2,1,2,1,2,1,2,1,2,2,1,2,1,2,1,2,1,2,1,1,1,1,1,1,1,2,1,2,1,2,1,2,1,2,1,2,12
4,1,4,1,4,1,4,2,4,2,4,2,4,2,4,2,4,2,4,2,4,2,4,2,4,1,4,2,4,2,4,2,4,2,4,2,4,2,3,2,3,2,3,1,3,1,3,1,3,1,3,1,3,1,3,1,2,1,2,1,2,1,2,2,2,2,2,2,2,2,2,2,2,1,2,1,1,1,1,2,1,2,1,2,1,2,1,2,1,2,12
4,2,4,2,4,2,4,2,4,2,4,2,4,2,4,2,4,2,4,2,4,2,4,2,4,2,4,2,4,2,3,2,3,2,3,2,3,2,3,2,3,2,3,1,2,1,2,1,2,1,2,1,2,2,2,2,2,2,2,2,1,2,1,2,1,2,1,2,1,2,1,2,1,1,1,1,1,1,1,2,0,2,0,2,0,2,0,2,0,2,12
4,2,4,2,4,2,4,2,4,2,4,2,4,2,4,2,4,2,4,2,4,2,4,2,4,2,4,3,4,3,4,3,4,2,3,2,3,2,3,2,3,2,3,2,3,2,3,2,3,2,3,2,2,2,2,2,2,2,2,2,2,2,2,2,1,2,1,2,1,2,1,2,1,2,1,2,1,2,1,3,1,3,1,3,1,3,1,3,1,3,12
4,2,4,2,4,2,4,2,4,2,4,2,4,2,4,2,4,2,4,2,4,2,4,2,4,2,4,2,4,2,4,2,4,2,4,2,4,2,4,2,4,2,4,2,4,2,4,2,4,2,4,2,4,2,4,2,4,2,4,2,4,2,4,2,4,2,4,2,4,2,4,2,4,2,4,2,4,2,3,2,3,2,3,2,3,2,3,2,3,2,12
4,1,4,1,4,1,4,1,4,1,4,1,4,1,4,1,4,1,4,2,4,2,4,2,4,1,4,2,4,2,4,2,4,2,4,2,4,2,4,2,4,2,4,2,4,2,4,1,4,1,4,1,4,2,4,2,4,2,4,2,4,2,4,2,4,2,4,2,4,2,4,2,4,1,4,1,4,1,3,2,3,2,3,2,3,2,3,2,3,2,12
4,3,4,3,4,3,4,3,4,3,4,3,4,3,4,3,3,3,3,3,3,3,4,3,4,2,4,3,4,3,4,3,4,3,4,3,4,3,4,3,3,3,3,3,3,3,3,3,3,2,3,2,3,3,3,3,3,3,3,3,2,3,2,3,2,3,2,3,2,3,2,3,2,3,2,2,2,2,2,3,1,3,1,3,1,3,1,3,1,3,12
4,2,4,2,4,3,4,3,4,3,4,3,4,3,4,3,4,3,3,3,3,3,3,3,3,2,3,3,3,3,3,3,3,3,3,3,3,3,3,3,3,3,3,3,2,3,2,3,2,2,2,2,2,3,2,3,2,3,2,3,1,3,1,3,1,3,1,3,1,3,1,3,1,2,1,2,1,2,1,3,0,3,0,3,0,3,0,3,0,3,12
4,3,4,3,4,3,4,3,4,3,4,3,4,3,4,3,4,3,3,3,3,3,3,3,3,2,3,3,3,3,3,3,3,3,3,3,3,3,3,3,3,3,3,3,3,3,3,3,2,3,2,2,2,3,2,3,2,3,2,3,2,3,1,3,1,3,1,3,1,3,1,3,1,3,1,2,1,2,1,3,1,3,1,3,1,3,1,3,1,3,12
4,2,4,2,4,2,4,2,4,2,4,2,4,2,4,2,4,2,4,2,3,3,3,3,3,2,3,3,3,3,3,3,3,3,3,3,3,3,3,3,3,3,3,3,3,3,3,3,2,2,2,2,2,3,2,3,2,3,2,3,2,3,1,3,1,3,1,3,1,3,1,3,1,3,1,2,1,2,1,3,0,3,0,3,0,3,0,3,0,3,12
4,2,4,2,4,2,4,2,4,2,4,2,4,2,4,2,4,2,4,2,4,2,4,2,4,2,4,3,4,3,4,3,4,3,4,2,3,3,3,3,3,3,3,2,3,3,3,2,3,2,3,2,3,2,3,2,3,2,3,3,3,3,2,3,2,3,2,3,2,3,2,3,2,2,2,2,2,2,2,3,1,3,1,3,1,3,1,3,1,3,12
4,2,4,2,4,2,4,2,4,2,4,2,4,2,4,2,4,2,4,2,4,2,4,2,4,2,4,3,4,3,4,3,4,2,4,2,3,2,3,2,3,2,3,2,3,2,3,2,3,2,3,2,3,2,3,2,3,2,3,2,2,3,2,3,2,3,2,3,2,3,2,3,2,2,2,2,2,2,2,3,1,3,1,3,1,3,1,3,1,3,12
3,2,3,2,3,2,3,2,3,2,3,2,3,2,3,2,3,2,3,2,3,2,3,2,3,2,3,3,3,2,3,2,3,2,3,2,3,2,3,2,2,2,2,2,2,2,2,2,2,2,2,2,2,2,2,2,2,2,2,2,1,2,1,2,1,2,1,2,1,2,1,2,1,2,1,2,1,1,1,2,0,2,0,2,0,2,0,2,0,2,12
3,2,3,2,3,2,3,2,3,2,3,2,3,2,3,2,3,2,3,2,3,2,3,2,3,2,3,3,3,3,3,2,3,2,3,2,3,2,3,2,3,2,3,2,2,2,2,2,2,2,2,2,2,2,2,2,2,2,2,2,2,2,1,2,1,2,1,2,1,2,1,2,1,2,1,2,1,2,1,2,1,2,1,2,1,2,1,2,1,2,12
3,2,3,2,3,2,3,2,3,2,3,2,3,2,3,2,3,2,3,2,3,2,3,2,3,2,3,3,3,3,3,3,3,2,3,2,3,2,3,2,3,2,3,2,3,2,3,2,2,2,2,2,2,2,2,2,2,2,2,2,2,2,1,3,1,3,1,3,1,3,1,2,1,2,1,2,1,2,1,2,1,2,1,2,1,2,1,2,1,2,12
4,2,4,2,4,2,4,2,4,2,4,2,4,2,4,2,4,2,3,2,3,2,3,2,3,2,4,3,3,3,3,2,3,2,3,2,3,2,3,2,3,2,3,2,3,2,3,2,3,2,3,2,3,2,2,2,2,2,2,2,2,2,2,3,2,3,2,3,2,3,2,2,2,2,2,2,1,2,1,2,1,2,1,2,1,2,1,2,1,2,12
4,2,4,2,4,2,4,2,4,2,4,2,4,2,4,2,4,2,4,2,4,2,4,2,4,2,4,3,4,3,4,2,4,2,4,2,4,2,4,2,4,2,4,2,4,2,4,2,4,2,4,2,4,2,3,2,3,2,3,2,3,2,3,2,3,3,3,3,3,2,3,2,3,2,3,2,2,2,2,2,2,2,2,3,2,3,2,3,2,2,12
4,2,4,2,4,2,4,2,4,2,4,2,4,2,4,2,4,2,3,2,3,2,3,2,3,2,3,2,3,2,3,2,3,2,3,2,3,2,3,2,3,2,3,2,3,2,2,2,2,2,2,2,2,2,2,2,2,2,2,2,2,2,1,2,1,3,1,3,1,2,1,2,1,2,1,2,1,2,1,2,1,2,1,2,1,2,1,2,1,2,12
2,3,2,3,2,3,2,3,2,3,2,3,2,3,2,3,2,3,2,3,2,3,2,3,2,3,2,3,2,3,2,3,2,3,2,3,1,3,1,3,1,3,1,3,1,3,1,3,1,2,1,2,1,3,1,3,1,3,1,3,1,3,0,3,0,3,0,3,0,3,0,3,0,3,0,2,0,2,0,3,0,3,0,3,0,3,0,3,0,3,12
2,3,2,3,2,3,2,3,2,3,2,3,2,3,2,3,2,3,2,3,2,3,2,3,2,3,2,4,2,4,2,3,2,3,2,3,2,3,2,3,2,3,2,3,2,3,2,3,2,3,2,3,2,3,2,3,2,3,1,3,1,3,1,3,1,4,1,3,1,3,1,3,1,3,1,3,1,3,1,3,1,3,0,3,1,3,1,3,0,3,12
2,3,2,3,2,3,2,3,2,3,2,3,2,3,2,3,2,3,2,3,2,3,2,3,2,3,2,4,2,4,2,4,2,3,2,3,2,3,2,3,2,3,2,3,2,3,2,3,2,3,2,3,2,3,1,3,1,3,1,3,1,3,1,3,1,4,1,4,1,3,1,3,1,3,1,3,1,3,0,3,0,3,0,3,0,3,0,3,0,3,12
2,4,2,4,2,4,2,4,2,4,2,4,2,4,2,4,2,4,2,4,1,4,1,4,2,3,2,4,2,4,1,4,1,4,1,4,1,4,1,4,1,4,1,3,1,4,1,3,1,3,1,3,1,3,0,3,0,3,0,4,0,4,0,4,0,4,0,4,0,4,0,4,0,3,0,3,0,3,0,4,0,4,0,4,0,4,0,4,0,4,12
1,3,1,3,1,3,1,3,1,4,1,3,1,3,1,4,1,3,1,3,1,4,1,4,1,3,1,4,1,4,1,4,1,4,1,3,1,3,1,3,1,3,1,3,1,3,1,3,1,3,1,3,1,3,1,3,1,3,1,3,1,3,1,3,1,3,0,3,1,3,1,3,1,3,1,3,1,3,0,3,0,3,0,3,0,3,0,3,0,3,12
3,3,3,3,3,3,3,3,3,3,3,3,2,3,2,3,2,4,2,3,2,4,2,4,2,3,2,4,2,4,2,4,2,4,2,3,2,3,2,3,2,3,2,3,2,3,2,3,2,3,2,3,2,3,2,3,1,3,1,3,1,3,1,3,1,3,1,3,1,3,1,3,1,3,1,2,1,2,1,3,1,3,1,3,1,3,1,3,1,3,12
3,3,3,3,3,3,3,3,3,3,3,3,3,3,3,3,3,3,3,3,3,3,3,3,3,3,3,4,4,4,4,4,4,3,4,3,4,3,3,3,4,3,4,3,4,3,4,3,4,3,4,2,4,3,4,3,4,3,4,3,3,3,3,3,3,3,3,3,3,2,3,2,3,2,3,1,3,1,3,1,3,1,3,1,3,1,3,1,3,1,13
3,2,3,2,3,2,3,2,3,2,3,2,3,2,3,2,3,2,3,3,3,3,3,3,3,2,3,3,4,3,4,3,4,3,4,2,3,2,3,2,4,2,4,2,4,2,4,2,4,2,4,2,4,2,4,2,4,2,4,2,4,2,3,2,3,2,3,2,4,2,3,1,4,1,4,1,4,1,3,1,3,1,3,1,3,1,3,1,3,1,13
3,3,3,3,3,3,3,3,3,3,3,3,3,3,3,3,3,3,3,3,3,3,3,3,3,3,3,4,3,4,3,3,3,3,3,3,3,3,3,3,3,3,3,3,3,3,3,3,3,2,3,2,3,2,3,2,3,2,3,2,3,2,3,2,3,2,3,2,3,2,3,1,3,1,3,1,3,1,3,1,3,1,3,1,3,1,3,1,3,0,13
2,3,2,3,2,3,2,3,2,3,1,3,1,3,1,3,1,3,1,3,1,3,1,3,2,3,2,3,2,3,2,3,2,3,2,3,2,3,1,3,1,3,2,2,2,2,2,2,2,2,2,1,2,2,2,1,2,1,2,1,1,1,1,1,1,1,1,1,1,1,1,1,2,0,2,0,2,0,1,0,1,0,1,1,1,1,1,1,1,1,13
3,3,3,3,3,3,3,3,3,3,3,3,3,4,3,4,3,4,3,4,3,4,3,4,3,3,4,4,4,4,4,4,4,4,4,4,4,4,4,4,4,4,4,4,4,4,4,4,4,3,4,3,4,4,4,4,4,4,4,4,4,4,4,4,3,4,4,4,4,4,4,4,4,4,4,3,4,3,3,4,3,4,3,4,3,4,3,3,3,3,13
3,3,3,3,3,3,3,3,3,3,3,3,3,4,3,4,3,4,3,4,3,4,3,4,3,3,3,4,3,4,3,4,3,4,3,3,3,3,3,3,3,3,3,3,3,3,3,3,3,2,3,2,3,2,3,2,3,2,3,2,3,2,3,2,3,2,3,2,3,2,3,1,3,1,3,1,3,1,3,1,3,1,3,1,3,1,3,1,3,1,13
2,4,2,4,2,4,2,4,2,4,2,4,2,4,2,4,2,4,2,4,2,4,2,4,3,3,3,4,3,3,3,3,3,3,3,3,3,3,3,3,3,2,3,2,3,2,3,2,3,2,3,1,3,2,3,1,3,1,3,1,3,1,3,1,3,1,3,1,3,1,3,1,3,0,3,0,3,0,3,0,2,0,2,0,2,0,2,0,2,0,13
3,4,3,4,3,4,3,4,3,4,3,4,3,4,3,4,3,4,3,4,3,4,3,4,3,3,3,4,3,4,3,4,3,4,3,3,3,3,3,3,3,3,3,3,3,3,3,3,3,3,3,2,3,3,3,3,3,3,3,3,3,3,3,3,3,3,3,3,3,3,3,2,3,2,3,2,3,2,3,2,3,2,3,2,3,2,3,2,3,2,13
3,4,3,4,3,4,3,4,3,4,3,4,3,4,3,4,3,4,3,4,3,4,3,4,3,3,3,4,3,4,3,4,3,4,3,4,3,3,3,3,3,3,3,3,3,3,3,3,3,2,3,2,3,3,3,2,3,2,3,2,3,2,3,2,3,2,3,2,3,2,3,2,3,1,3,1,3,1,3,1,3,1,3,1,3,1,3,1,3,1,13
3,4,3,4,3,4,3,4,3,4,3,4,3,4,3,4,3,4,3,4,3,4,3,4,3,3,3,4,3,4,3,4,3,3,3,3,3,3,3,3,3,3,3,3,3,3,3,3,3,2,3,2,3,2,3,2,3,2,3,2,3,2,3,2,3,2,3,2,3,2,3,2,3,1,3,1,3,1,3,1,3,1,3,1,3,1,3,1,3,1,13
3,4,3,4,3,4,3,4,3,4,3,4,3,4,3,4,2,4,2,4,2,4,3,4,3,3,3,4,3,4,3,3,3,3,3,3,3,3,3,3,3,3,3,3,3,3,3,2,3,2,3,2,3,2,3,2,3,2,3,2,3,2,3,2,3,2,3,2,3,1,3,1,3,1,3,0,3,0,3,0,3,0,3,0,3,0,3,0,3,0,13
3,4,3,4,3,4,3,4,3,4,3,4,3,4,3,4,3,4,3,4,3,4,3,4,3,3,3,4,3,4,3,3,3,3,3,3,3,3,3,3,3,3,3,3,3,3,3,2,3,2,3,2,3,2,3,2,3,2,3,2,3,2,3,2,3,2,3,2,3,2,3,1,3,1,3,1,3,1,3,1,3,1,3,1,3,1,3,1,3,1,13
2,4,2,4,2,4,2,4,2,4,2,4,2,4,2,4,2,3,2,3,2,3,2,3,2,3,2,3,2,3,2,3,2,3,2,2,2,2,2,2,2,2,2,2,2,1,2,1,2,1,2,1,2,1,2,1,2,0,2,0,2,0,2,1,2,1,2,1,2,0,2,0,2,0,2,0,2,0,2,0,2,0,2,0,2,0,2,0,2,0,13
3,4,3,4,3,4,3,4,3,4,3,3,2,3,2,4,2,3,2,3,2,3,2,3,2,2,2,3,3,3,2,3,2,2,2,2,2,2,2,2,2,2,2,2,2,1,2,1,2,1,2,1,2,1,3,1,3,1,3,1,2,1,2,1,2,1,2,1,3,1,3,0,3,0,3,0,3,0,3,0,2,0,2,0,2,0,2,0,2,0,13
3,4,3,4,3,4,3,4,3,4,3,4,3,4,3,4,3,4,2,4,2,4,2,4,2,3,2,4,2,3,2,3,2,3,2,2,2,2,2,2,2,2,2,2,2,2,2,1,3,1,3,1,3,1,3,1,3,1,3,1,3,0,2,1,2,1,2,1,2,0,2,0,3,0,3,0,2,0,2,0,2,0,2,0,2,0,2,0,2,0,13
2,4,2,4,2,4,2,4,2,4,2,4,2,4,2,4,2,4,2,4,2,4,2,4,2,3,2,4,2,4,2,4,2,3,2,3,2,3,2,3,2,3,2,3,2,3,2,3,2,2,2,2,2,3,2,2,2,2,2,2,2,2,2,2,2,2,2,2,2,2,2,2,2,2,2,1,2,1,2,1,2,1,2,1,2,1,2,1,2,1,13
2,4,2,4,2,4,2,4,2,4,2,4,2,4,2,4,2,4,2,4,2,4,2,4,2,3,2,4,3,4,2,4,2,4,2,3,2,3,2,3,2,3,2,3,2,3,2,3,2,2,2,2,2,3,2,2,2,2,2,2,2,2,2,2,2,2,2,2,2,2,2,2,2,2,2,1,2,1,2,2,2,1,2,2,2,2,2,1,2,1,13
2,4,2,4,2,4,2,4,2,4,2,4,2,4,2,4,2,4,2,4,2,4,2,4,2,3,2,4,2,4,2,4,2,3,2,3,2,3,2,3,2,3,2,3,2,3,2,2,2,2,2,2,2,2,2,2,2,2,2,2,2,2,2,2,2,2,2,2,2,2,2,2,2,1,2,1,2,1,2,1,2,1,2,1,2,1,2,1,2,1,13
3,4,3,4,3,4,3,4,3,4,3,4,3,4,3,4,2,4,2,4,2,4,3,4,3,3,3,4,3,4,3,4,3,4,3,4,3,4,3,4,3,4,3,4,3,4,3,4,3,3,3,3,3,4,3,3,3,3,3,3,3,3,2,3,2,3,2,3,2,3,2,3,2,3,2,2,2,2,2,3,2,3,2,3,2,3,2,3,2,3,13
2,4,2,4,2,4,2,4,2,4,2,4,2,4,2,4,2,4,2,4,2,4,2,4,2,4,2,4,2,4,2,4,2,4,2,4,2,4,2,4,2,4,2,4,2,4,2,4,2,4,2,4,2,4,2,4,2,4,2,4,2,4,2,4,2,4,2,4,2,4,2,3,2,3,2,3,2,3,1,3,1,3,1,3,1,3,1,3,1,3,13
1,4,1,4,1,4,1,4,1,4,1,4,1,4,1,4,1,4,1,4,1,4,1,3,1,3,1,3,1,3,1,3,1,3,1,3,1,2,0,2,1,2,1,2,1,2,1,2,1,1,1,1,1,1,1,1,1,1,1,1,1,1,1,1,1,1,0,1,1,1,1,1,1,1,1,1,1,1,1,1,1,1,1,1,1,1,1,1,1,1,13
1,4,1,4,1,4,1,4,1,4,1,4,1,4,1,4,1,4,1,4,1,4,1,4,2,4,2,4,2,4,2,4,2,4,1,4,1,4,1,4,1,4,1,4,1,4,1,4,1,3,2,3,2,4,2,3,1,3,1,3,1,3,1,3,1,3,1,3,1,3,1,3,1,3,1,2,1,2,1,3,1,3,1,3,1,3,1,3,1,2,13
1,4,1,4,1,4,1,4,1,4,1,4,1,4,1,4,1,4,1,4,1,4,1,4,1,3,2,4,2,4,2,4,2,4,1,4,1,4,1,4,1,4,1,4,1,4,1,4,1,3,1,3,1,3,1,3,1,3,1,3,1,3,1,3,1,3,1,3,1,3,1,3,1,3,1,2,1,2,1,3,1,3,1,3,1,3,1,2,1,2,13
2,4,2,4,2,4,2,4,2,4,2,4,2,4,2,4,2,4,2,4,2,4,2,4,2,3,2,4,2,4,2,4,2,4,1,3,1,3,1,3,1,3,1,3,1,3,1,2,1,2,1,2,1,2,1,1,1,1,1,1,1,1,1,1,1,1,1,1,1,1,1,1,1,1,1,0,1,1,1,1,1,1,1,1,1,1,1,1,1,1,13
3,1,3,1,3,1,3,1,3,1,3,1,3,1,3,1,3,1,3,1,3,1,3,1,3,1,3,2,3,2,3,2,3,1,3,1,3,1,3,1,3,1,3,1,3,1,3,1,3,1,3,1,3,1,3,1,3,1,3,1,3,1,3,2,3,2,3,2,3,2,3,1,3,1,3,1,3,1,3,1,3,1,3,2,3,2,3,2,3,2,14
3,1,3,1,3,1,3,1,3,1,3,1,3,1,3,1,3,1,3,1,3,1,3,1,3,1,3,2,3,2,3,2,3,1,3,1,3,1,3,1,3,1,3,1,4,1,4,1,3,1,3,1,4,1,3,1,3,1,4,1,3,1,3,2,3,2,3,2,3,2,3,2,3,1,3,1,3,1,3,1,3,2,3,2,3,2,3,2,3,2,14
3,2,3,2,3,2,3,2,3,2,3,2,3,2,3,2,3,2,3,2,3,2,3,2,3,2,3,2,3,2,3,2,3,2,3,2,3,2,3,2,3,2,3,2,3,2,3,2,3,2,3,1,3,2,3,2,3,2,3,2,3,2,3,2,3,2,3,2,3,2,3,2,3,2,3,2,3,2,3,2,3,2,3,2,3,2,3,2,3,2,14
2,2,2,2,2,2,2,2,2,2,2,2,2,2,2,2,2,2,2,2,2,2,2,2,2,2,2,2,2,2,2,2,3,2,2,2,2,2,2,2,2,2,2,2,2,2,2,2,2,2,2,2,2,2,2,2,2,2,2,2,2,2,2,2,2,2,2,2,2,2,2,2,2,2,2,2,2,2,2,2,2,2,2,2,2,2,2,2,2,2,14
3,1,3,1,3,1,3,1,3,1,3,1,3,1,3,1,3,1,3,1,3,1,3,1,3,1,3,2,3,2,3,2,3,1,3,1,3,1,3,1,3,1,3,1,4,1,4,1,3,1,3,1,4,1,4,1,3,1,3,1,3,1,3,2,3,2,3,2,3,2,3,1,3,1,3,1,3,1,3,1,3,1,3,2,3,2,3,2,3,1,14
3,2,3,2,3,2,3,2,3,2,3,2,3,2,3,2,3,2,3,2,3,2,3,2,3,1,3,2,3,2,3,2,3,2,3,2,3,2,3,2,3,2,3,2,3,2,3,2,3,1,3,1,3,2,3,2,3,2,4,2,3,2,3,2,3,2,3,2,3,2,3,2,3,2,3,1,3,2,3,2,3,2,3,2,3,2,3,2,3,2,14
3,3,3,3,3,3,3,3,3,3,3,3,3,3,3,3,3,3,3,3,3,3,3,3,3,2,3,3,3,3,3,3,3,3,3,3,3,3,3,3,3,3,3,3,3,3,3,3,3,2,3,2,3,3,3,3,3,3,3,3,3,3,3,3,3,3,3,3,3,3,3,3,3,3,3,2,3,2,3,3,3,3,3,3,3,3,3,3,3,3,14
3,2,3,2,3,2,3,2,3,2,3,2,3,2,3,2,3,2,3,2,3,2,3,2,3,2,3,3,3,2,3,2,3,2,3,2,3,2,3,2,3,2,3,2,3,2,3,2,3,2,3,2,3,2,3,2,3,2,3,2,3,2,3,2,3,2,3,2,3,2,3,2,3,2,3,2,3,2,3,2,3,2,3,2,3,2,3,2,3,2,14
3,2,3,2,3,2,3,2,3,2,3,2,3,2,3,2,3,2,3,2,3,2,3,2,3,2,3,2,3,3,3,2,3,2,3,2,3,2,3,2,3,2,3,2,3,2,3,2,3,2,3,2,3,2,3,2,3,2,3,2,3,2,3,3,3,3,3,3,3,2,3,2,3,2,3,2,3,2,3,2,3,2,3,2,3,2,3,2,3,2,14
3,2,3,2,3,2,3,2,3,2,3,2,3,2,3,2,3,2,3,2,3,2,3,2,3,2,3,2,3,2,3,2,3,2,3,2,3,2,3,2,3,2,3,2,3,2,3,2,3,2,3,2,3,2,3,2,3,2,3,2,3,2,3,2,3,2,3,2,3,2,3,2,3,2,3,2,3,2,3,2,3,2,3,2,3,2,3,2,3,2,14
3,2,3,2,3,2,3,2,3,2,3,2,3,2,3,2,3,2,3,2,3,2,3,2,3,2,3,2,3,2,3,2,3,2,3,2,3,2,3,2,3,2,3,2,3,2,3,2,3,2,3,2,3,2,3,2,3,2,3,2,3,2,3,2,3,2,3,2,3,2,3,2,3,2,3,2,3,2,3,2,3,2,3,2,3,2,3,2,3,2,14
3,2,3,2,3,2,3,2,3,2,3,2,3,2,3,2,3,2,3,2,3,2,3,2,3,2,3,2,3,2,3,2,3,2,3,2,3,2,3,2,3,2,3,2,3,2,3,2,3,2,3,2,3,2,3,2,3,2,3,2,3,2,3,2,3,2,3,2,3,2,3,2,3,2,3,2,3,2,3,2,3,2,3,2,3,2,3,2,3,2,14
1,2,1,2,1,2,1,2,1,2,1,2,1,2,1,2,1,2,1,2,1,2,1,2,1,2,2,3,2,3,2,2,2,2,1,2,1,2,1,2,1,2,1,2,1,2,1,2,1,2,1,2,1,2,1,2,1,2,1,2,1,2,1,2,1,3,1,2,1,2,1,2,1,2,1,2,1,2,1,2,1,2,1,3,1,2,1,2,1,2,14
2,2,2,2,2,2,2,2,2,2,2,2,2,2,2,2,2,2,2,2,1,2,2,2,2,2,2,2,2,2,2,2,2,1,1,2,1,2,1,2,1,2,1,1,1,2,1,1,1,1,1,1,1,1,1,1,1,1,1,1,1,2,1,2,1,2,1,2,1,2,1,2,1,2,1,1,1,1,1,2,1,2,1,2,1,2,1,2,1,2,14
2,2,2,2,2,2,2,2,2,2,2,2,2,2,2,2,2,2,2,2,2,2,2,2,2,1,2,2,2,2,2,2,2,2,2,2,2,2,2,2,2,2,2,1,2,2,2,2,2,1,2,1,2,2,2,2,2,1,2,2,2,2,2,2,2,2,2,2,2,2,2,2,2,2,2,1,2,1,2,2,2,2,2,2,2,2,2,2,2,2,14
2,2,2,2,2,2,2,2,2,2,2,2,2,2,2,2,2,2,2,2,2,2,2,2,2,2,2,2,2,2,2,2,2,2,2,2,2,2,2,2,2,2,2,2,2,2,2,2,2,2,2,2,2,2,2,2,2,2,2,2,2,2,2,2,2,2,2,2,2,2,2,2,2,2,2,2,2,2,2,2,2,2,2,2,2,2,2,2,2,2,14
2,2,2,2,2,2,2,2,2,2,2,2,2,2,2,2,2,2,2,2,2,2,2,2,2,2,2,2,2,2,2,2,2,2,2,2,2,2,2,2,2,2,2,2,2,2,2,1,2,1,2,2,2,2,2,2,2,2,2,2,2,2,2,2,2,2,2,2,2,2,2,2,2,2,2,1,2,2,2,2,2,2,2,2,2,2,2,2,2,2,14
2,2,2,2,2,2,2,2,2,2,2,2,2,2,2,2,2,2,2,2,2,2,2,2,2,2,2,3,2,2,2,2,2,2,2,2,2,2,2,2,2,2,2,2,2,2,2,2,2,2,2,2,2,2,2,2,2,2,2,2,2,2,2,2,2,3,2,2,2,2,2,2,2,2,2,2,2,2,2,2,2,2,2,2,2,2,2,2,2,2,14
1,3,1,3,1,3,1,3,1,3,1,3,1,3,1,3,1,3,1,3,1,3,1,3,2,2,2,3,2,3,2,3,2,3,1,3,1,3,1,3,1,3,1,3,1,3,1,3,1,3,1,2,1,3,2,3,1,3,1,3,1,3,1,3,1,3,1,3,1,3,1,3,1,3,1,2,1,3,1,3,1,3,1,3,1,3,1,3,1,3,14
1,3,1,3,1,3,1,3,1,3,1,3,1,3,1,3,1,3,1,3,1,3,1,3,2,2,2,3,2,3,2,3,2,3,1,3,1,3,1,3,1,3,1,3,1,3,1,3,1,2,1,2,1,3,1,3,1,3,1,3,1,3,1,3,1,3,1,3,1,3,1,3,1,3,1,2,1,2,1,3,1,3,1,3,1,3,1,3,1,3,14
1,3,1,3,1,3,1,3,1,3,1,3,1,3,1,3,1,3,1,3,1,3,1,3,1,2,2,3,2,3,1,3,1,3,1,3,1,3,1,3,1,3,1,3,1,3,1,3,1,2,1,2,1,3,1,3,1,3,1,3,1,3,1,3,1,3,1,3,1,3,1,3,1,3,1,2,1,2,1,3,1,3,1,3,1,3,1,3,1,3,14
1,3,1,3,1,3,1,3,1,3,1,3,1,3,1,3,1,3,1,3,1,3,1,3,2,2,2,3,2,3,2,3,2,3,1,3,1,3,1,3,1,3,1,3,1,3,1,3,1,3,1,2,1,3,2,3,1,3,1,3,1,3,1,3,1,3,1,3,1,3,1,3,1,3,1,2,1,3,1,3,1,3,1,3,1,3,1,3,1,3,14
1,3,1,3,1,3,1,3,1,3,1,3,1,3,1,3,1,3,1,3,1,3,1,3,2,2,2,3,2,3,2,3,2,3,1,3,1,3,1,3,1,3,1,3,1,3,1,3,1,2,1,2,1,3,1,3,1,3,1,3,1,3,1,3,1,3,1,3,1,3,1,3,1,3,1,2,1,2,1,3,1,3,1,3,1,3,1,3,1,3,14
1,3,1,3,1,3,1,3,1,3,1,3,1,3,1,3,1,3,1,3,1,3,1,3,1,2,2,3,2,3,1,3,1,3,1,3,1,3,1,3,1,3,1,3,1,3,1,3,1,2,1,2,1,3,1,3,1,3,1,3,1,3,1,3,1,3,1,3,1,3,1,3,1,3,1,2,1,2,1,3,1,3,1,3,1,3,1,3,1,3,14
4,2,4,2,4,2,4,3,4,3,4,3,4,3,3,3,3,3,3,2,3,2,3,2,3,2,3,2,3,2,3,2,3,2,3,2,3,2,3,2,3,2,3,2,3,2,2,2,2,2,2,2,2,3,2,3,2,3,2,3,2,3,2,3,2,3,2,3,2,3,1,2,2,2,1,1,1,1,1,2,1,2,1,2,1,2,1,2,1,2,1
4,2,4,2,4,2,4,2,4,2,4,2,4,2,4,2,3,2,3,2,3,2,3,2,3,2,3,2,3,2,3,3,3,3,3,3,2,3,2,3,2,3,2,3,2,3,2,3,2,2,2,2,2,2,2,2,2,2,1,2,1,2,1,2,1,2,1,3,1,3,1,3,1,3,1,3,1,3,1,4,0,4,0,4,0,3,0,3,0,3,1
3,3,3,3,3,3,3,3,3,3,3,3,3,3,3,3,3,3,3,3,3,3,3,2,3,2,3,2,3,2,3,2,3,2,3,2,3,2,3,2,3,2,3,2,2,3,2,3,2,2,2,2,2,3,2,3,2,3,2,3,2,3,2,3,2,3,2,3,2,3,2,2,2,2,2,2,2,2,1,2,1,2,1,2,1,2,1,2,1,2,1
0,2,0,2,0,2,0,2,0,2,0,1,0,1,1,1,1,1,1,1,1,1,1,1,1,1,1,1,1,2,2,2,2,2,2,2,2,2,2,2,2,2,2,2,2,2,2,2,2,2,2,1,3,1,3,1,3,1,3,1,3,1,3,1,3,2,3,2,3,2,4,2,4,1,4,1,4,2,4,2,4,2,4,2,4,2,4,2,4,2,1
4,3,4,3,4,3,4,3,4,3,4,3,4,3,4,3,4,3,4,3,4,3,4,3,4,2,3,2,3,2,3,3,3,4,3,4,3,3,2,2,2,2,2,1,2,2,2,2,2,3,2,3,2,3,2,2,2,2,1,1,1,1,1,2,1,2,1,3,1,4,1,4,1,3,1,2,1,1,0,1,0,1,0,1,0,2,0,3,0,3,1
4,2,4,2,4,2,4,2,4,3,4,3,4,3,4,3,4,3,4,3,4,3,4,3,4,2,4,3,4,3,4,3,4,3,4,2,4,2,4,1,3,1,3,1,3,1,3,1,3,2,3,2,3,3,2,3,2,3,2,3,2,3,2,3,2,3,2,2,2,2,2,1,2,1,2,1,2,1,1,2,1,2,1,3,0,4,0,4,0,4,1
4,3,4,3,4,3,4,3,4,3,4,3,4,3,4,3,4,2,3,2,3,2,3,2,3,1,3,2,3,2,3,2,3,2,3,3,2,3,2,3,2,4,2,4,2,4,2,3,2,3,2,3,2,3,2,3,2,3,2,2,1,2,1,2,1,2,1,2,1,2,1,2,1,2,1,1,1,2,1,2,0,2,0,3,0,3,0,3,0,4,1
4,3,4,3,4,3,4,3,4,3,4,3,4,2,4,2,4,2,4,2,4,2,3,2,3,2,3,3,3,4,3,4,3,4,3,4,3,3,2,3,2,3,2,2,2,2,2,2,2,1,2,1,2,2,2,3,1,3,1,3,1,4,1,4,1,4,1,4,1,4,1,3,1,2,1,2,1,2,0,2,0,2,0,2,0,3,0,3,0,4,1
4,3,4,3,4,3,4,3,4,3,4,3,4,3,4,2,4,2,4,2,4,2,4,2,4,1,4,2,4,3,3,3,3,3,3,4,3,4,3,4,3,4,3,4,3,3,3,3,3,2,2,2,2,2,2,2,2,2,2,2,2,2,2,3,2,3,1,3,1,4,1,4,1,4,2,3,2,3,1,3,1,3,1,3,1,2,1,2,1,2,1
4,3,4,3,4,3,4,3,4,3,4,2,4,2,4,1,4,1,4,1,3,1,3,2,3,2,3,3,3,3,3,4,3,4,3,3,3,3,2,3,2,2,2,2,2,1,2,1,2,1,2,1,2,2,2,3,1,3,1,4,1,4,1,4,1,4,0,3,0,3,0,2,1,2,1,1,1,1,1,2,0,2,0,3,0,3,0,3,0,3,1
4,3,4,3,4,3,4,3,4,3,4,3,4,3,4,3,4,3,4,2,4,2,4,2,4,2,4,3,4,3,3,3,3,4,3,4,3,4,3,4,3,4,3,4,3,3,2,2,2,2,2,2,2,2,2,2,2,2,2,3,2,3,2,4,1,4,1,4,2,4,1,4,1,3,1,2,1,2,1,2,1,2,1,2,1,2,1,3,1,3,1
4,3,4,3,4,3,4,3,4,3,4,3,4,3,4,3,4,3,4,2,4,2,4,2,4,1,4,2,4,2,3,3,3,3,3,3,3,4,3,4,3,4,3,4,3,4,2,3,2,2,2,2,2,2,2,1,2,1,2,2,2,2,1,2,1,3,1,3,1,4,1,4,1,4,1,3,1,3,1,3,0,2,0,2,0,2,0,2,0,2,1
0,2,0,2,0,1,0,1,0,2,0,2,0,2,0,2,0,2,0,3,0,3,1,3,1,3,1,3,1,3,1,3,1,3,1,3,1,2,1,2,1,2,2,2,2,1,2,1,2,1,2,1,2,2,2,2,2,2,3,3,3,3,3,3,3,4,3,4,3,4,3,3,3,3,3,2,3,2,3,3,3,2,3,2,4,2,4,2,4,2,1
0,1,0,1,0,2,0,2,0,2,0,2,0,2,0,3,0,3,0,3,1,3,1,3,1,2,1,3,1,3,1,3,1,2,1,2,1,2,1,1,1,1,2,1,2,1,2,1,2,1,2,1,2,2,2,2,3,2,3,3,3,3,3,3,3,4,3,4,3,4,3,4,3,3,3,3,4,3,4,3,3,3,3,2,3,2,3,2,3,2,1
0,1,0,1,0,1,0,1,0,1,0,1,0,2,0,2,0,2,0,2,1,3,1,3,1,3,1,3,1,3,1,3,1,3,1,3,1,3,2,2,2,2,2,1,2,1,2,1,2,1,2,1,3,1,3,1,3,1,3,2,3,2,3,3,3,3,3,3,3,3,3,3,4,3,4,3,4,3,4,3,4,3,4,3,4,3,4,2,4,2,1
0,1,0,1,0,1,0,2,0,2,0,2,0,2,0,2,1,3,1,3,1,3,1,4,1,3,2,4,2,4,2,3,2,3,2,3,2,2,2,2,2,2,2,2,2,2,2,1,2,1,2,1,3,2,3,2,3,2,3,3,3,3,3,3,3,4,3,4,4,4,4,4,4,3,4,3,4,3,4,3,4,3,4,3,4,3,4,3,4,2,1
0,1,0,1,0,1,0,1,0,1,0,1,0,2,0,2,0,2,0,3,0,3,1,3,1,3,1,4,1,3,1,3,1,3,1,3,1,2,1,2,2,2,2,1,2,1,2,1,2,1,2,1,2,2,2,2,3,2,3,3,3,3,3,4,3,4,3,4,3,4,3,4,3,3,3,3,3,3,3,3,3,3,3,3,3,2,4,2,4,2,1
0,1,0,1,0,1,0,1,0,1,0,1,0,2,0,2,0,2,0,3,0,3,1,3,1,2,1,3,1,3,1,3,1,2,1,2,1,2,1,1,2,1,2,1,2,1,2,1,2,1,2,1,2,1,3,2,3,2,3,2,3,3,3,3,3,3,3,3,3,3,3,3,3,3,4,2,4,2,4,2,4,2,4,2,4,2,4,2,4,2,1
2,3,2,3,2,3,2,3,2,3,2,3,2,3,2,3,2,3,2,3,2,3,2,3,2,2,2,3,2,3,2,3,2,2,1,2,1,2,1,2,1,2,1,2,1,2,1,2,1,2,1,2,1,2,1,2,1,3,1,3,1,3,1,4,1,4,1,4,1,4,1,4,1,3,1,3,1,3,1,3,1,3,1,3,1,3,1,2,1,2,1
3,3,3,3,3,2,2,2,2,2,2,2,2,2,2,2,2,2,2,2,2,3,1,3,2,3,2,4,2,4,2,4,2,4,1,3,1,3,1,3,1,3,1,3,1,2,1,2,1,2,1,1,1,2,1,2,1,2,1,2,1,2,1,3,0,3,0,4,0,4,0,4,0,3,1,3,1,2,1,3,0,3,0,3,1,2,1,2,1,2,1
2,3,2,3,2,3,2,3,2,3,2,3,2,3,2,3,2,3,2,3,2,2,2,2,2,2,2,2,2,3,2,3,2,3,1,3,1,3,1,4,1,4,1,4,1,4,1,3,1,3,1,2,1,3,1,2,1,2,1,2,1,2,1,2,1,3,0,3,1,3,0,3,0,3,0,3,0,3,0,3,0,3,0,3,0,2,0,2,0,2,1
2,3,2,3,2,3,2,3,2,3,2,3,2,3,2,3,2,3,2,3,2,3,2,3,2,2,2,3,2,3,2,3,2,2,1,2,1,2,1,2,1,2,1,2,1,2,1,2,1,2,1,2,1,2,1,2,1,3,1,3,1,3,1,4,1,4,1,4,1,4,1,4,1,3,1,3,1,3,1,3,1,3,1,3,1,3,1,2,1,2,1
3,3,3,3,3,2,2,2,2,2,2,2,2,2,2,2,2,2,2,2,2,3,1,3,2,3,2,4,2,4,2,4,2,4,1,3,1,3,1,3,1,3,1,3,1,2,1,2,1,2,1,1,1,2,1,2,1,2,1,2,1,2,1,3,0,3,0,4,0,4,0,4,0,3,1,3,1,2,1,3,0,3,0,3,1,2,1,2,1,2,1
2,3,2,3,2,3,2,3,2,3,2,3,2,3,2,3,2,3,2,3,2,2,2,2,2,2,2,2,2,3,2,3,2,3,1,3,1,3,1,4,1,4,1,4,1,4,1,3,1,3,1,2,1,3,1,2,1,2,1,2,1,2,1,2,1,3,0,3,1,3,0,3,0,3,0,3,0,3,0,3,0,3,0,3,0,2,0,2,0,2,1
3,3,3,3,3,3,3,3,3,3,3,3,3,3,3,3,2,3,2,3,2,3,2,3,2,3,2,3,2,3,2,3,2,3,1,3,2,3,2,3,2,2,3,2,3,2,3,2,3,2,3,2,3,2,3,2,3,2,3,2,2,2,2,2,2,2,1,2,1,2,1,1,1,1,2,1,2,1,2,1,2,1,2,1,3,1,3,1,3,1,2
3,4,3,4,3,4,3,4,3,4,3,4,3,4,3,4,2,4,2,4,2,4,2,3,2,3,2,4,2,3,2,3,2,3,2,3,2,3,2,3,2,3,3,3,3,3,3,2,3,2,3,2,3,2,3,2,3,2,3,2,3,2,2,2,2,2,2,2,2,2,2,2,2,2,2,1,2,1,2,2,2,1,2,1,2,1,3,1,3,1,2
3,3,3,3,3,3,3,3,3,4,3,3,3,3,2,3,2,3,2,3,2,3,1,3,2,3,2,3,2,3,2,3,3,3,3,2,3,2,3,2,3,2,3,2,3,2,3,2,3,2,2,2,2,2,2,2,2,1,1,1,1,2,1,2,2,2,2,2,2,1,3,1,3,1,3,1,3,1,3,1,3,1,2,1,2,1,2,1,2,1,2
2,4,2,4,2,4,2,4,2,4,2,3,2,3,2,3,3,3,3,3,3,3,3,3,3,2,2,3,2,3,2,3,1,2,1,2,1,2,1,2,1,2,1,2,2,2,2,2,2,1,2,1,3,1,3,1,3,1,3,1,2,1,2,1,2,1,2,1,1,1,1,1,1,0,1,0,1,0,1,0,1,1,1,1,1,1,2,1,2,1,2
3,4,3,3,3,4,3,4,3,4,3,4,3,4,3,4,3,4,3,4,3,4,3,4,3,3,3,4,2,4,2,4,3,3,3,3,3,3,3,3,3,3,4,3,4,3,4,2,4,2,4,2,3,2,3,2,2,2,2,2,2,2,2,2,2,2,2,2,3,2,3,1,3,1,4,1,4,0,4,1,3,1,3,1,3,1,2,0,2,0,2
3,3,3,3,3,3,3,3,3,3,3,3,3,3,3,3,3,3,3,3,4,3,4,3,4,3,4,3,4,3,4,3,4,3,4,3,4,3,3,3,3,2,3,2,3,2,2,2,2,2,2,2,2,2,3,2,3,2,3,1,3,1,4,1,4,1,4,1,4,1,4,1,4,1,4,1,4,1,3,1,3,1,2,1,2,1,2,1,2,1,2
2,4,2,4,2,4,2,4,2,4,2,4,2,4,2,4,2,4,2,4,2,4,2,4,1,3,1,4,1,4,1,4,1,4,2,4,2,4,3,3,3,3,3,3,3,3,2,3,2,2,2,2,1,3,1,3,1,3,1,3,2,2,2,2,3,2,3,2,3,2,3,2,3,1,2,1,2,1,2,1,1,1,1,1,1,1,1,1,2,0,2
3,4,3,4,3,4,3,4,3,4,3,4,3,4,3,4,3,4,3,3,3,3,3,3,3,3,3,4,3,4,3,3,3,3,2,3,2,3,2,3,2,3,3,3,3,2,3,2,3,2,3,1,4,2,4,2,3,2,3,2,3,2,3,2,2,2,2,2,2,2,2,1,2,1,2,1,3,1,3,1,3,1,3,1,3,1,3,1,3,1,2
3,4,3,4,3,4,3,4,3,4,3,4,2,4,2,4,2,4,2,4,2,4,2,4,2,3,2,4,3,3,3,3,3,3,3,3,3,3,3,3,3,3,2,3,2,3,2,2,2,2,2,2,2,2,2,2,3,2,3,2,3,2,3,2,3,2,3,2,3,2,3,1,2,1,2,1,2,1,2,1,2,1,2,1,2,1,3,1,3,0,2
3,4,3,4,3,4,3,4,3,4,3,4,3,4,2,4,2,4,2,4,2,4,2,4,2,3,3,3,3,3,3,3,4,3,3,3,3,3,3,3,3,2,3,2,2,2,2,2,2,1,2,1,2,2,3,1,3,1,3,1,3,1,4,1,3,1,3,1,3,1,3,0,3,0,3,0,2,0,2,0,2,0,2,0,2,0,3,0,3,0,2
3,4,3,4,3,4,3,4,3,4,3,4,3,4,2,4,2,4,2,4,2,4,2,4,2,3,2,4,3,3,3,3,3,3,3,3,3,3,3,3,3,3,2,2,2,2,2,2,2,1,2,1,2,2,3,2,3,1,3,1,3,1,3,1,3,2,3,2,3,1,3,1,3,0,2,0,2,0,2,0,2,0,2,0,2,0,3,0,3,0,2
3,4,3,4,3,4,3,4,3,4,3,4,3,4,2,4,2,4,2,4,1,4,2,4,2,3,2,4,3,3,3,3,3,3,3,3,3,3,3,2,2,2,2,2,2,2,2,1,2,1,2,1,3,1,3,1,3,1,3,1,3,1,3,1,3,1,3,1,2,0,2,0,2,0,2,0,2,0,2,0,2,0,3,0,3,0,3,0,3,0,2
2,4,2,4,2,4,2,4,2,4,1,4,1,4,1,4,0,3,0,3,0,3,0,3,0,2,0,3,0,3,1,3,1,3,1,3,1,3,1,3,2,2,2,2,2,2,2,2,2,2,2,1,2,2,1,1,1,1,1,1,1,1,0,1,0,1,0,1,0,1,0,1,0,0,0,0,1,0,1,0,1,0,1,0,1,0,1,0,2,0,2
2,4,2,4,2,4,2,4,2,4,2,4,2,4,2,4,2,4,1,4,1,3,1,3,1,2,1,3,1,3,1,3,1,3,0,3,1,3,1,3,1,3,1,2,2,2,2,2,2,2,2,2,2,2,2,2,2,2,2,2,2,2,1,2,1,2,1,2,1,2,0,2,0,1,0,1,0,1,1,1,1,1,1,1,1,1,2,1,2,1,2
2,4,2,4,2,4,2,4,1,4,1,3,1,3,1,3,0,3,0,3,0,2,0,2,0,2,1,3,1,3,1,3,1,2,1,2,1,2,2,2,2,2,2,2,2,2,2,2,2,1,2,1,2,1,1,1,1,1,1,1,0,1,0,1,0,1,0,1,0,1,0,1,0,0,0,0,0,0,1,0,1,0,1,0,1,0,2,0,2,0,2
2,4,2,4,2,4,2,4,1,4,1,3,1,3,0,3,0,3,0,3,0,3,0,3,0,2,1,3,1,3,1,3,1,3,1,2,2,2,2,2,2,2,3,2,3,2,3,2,3,2,3,1,2,2,2,2,2,1,1,1,1,1,1,1,0,1,0,1,0,1,0,1,0,0,0,0,0,0,0,1,1,1,1,1,1,1,2,1,2,0,2
2,4,2,4,2,4,2,4,1,4,1,3,1,3,0,3,0,2,0,2,0,2,0,2,0,2,1,3,1,3,1,3,1,2,2,2,2,2,2,2,2,2,2,2,2,2,2,2,2,2,1,1,1,2,1,1,1,1,0,1,0,1,0,2,0,2,0,2,0,1,0,1,1,1,1,0,2,0,2,0,2,0,2,0,2,0,2,0,2,0,2
2,4,2,4,2,4,2,4,2,4,2,4,2,4,2,4,3,4,3,4,3,4,3,4,3,3,3,4,3,3,3,3,3,3,2,3,2,3,2,3,1,3,1,2,1,2,1,2,1,2,1,2,1,2,1,2,2,2,2,2,2,2,2,2,3,2,3,2,3,1,3,1,3,1,3,1,3,1,2,1,2,1,2,1,1,1,1,1,1,1,2
2,3,2,3,2,3,2,3,3,3,3,3,3,3,3,3,3,3,3,3,2,3,2,3,2,2,2,3,2,3,2,3,2,3,2,3,2,3,3,3,3,3,3,3,3,3,3,2,3,2,2,2,2,2,2,2,2,2,1,2,2,2,2,2,2,2,2,2,2,2,3,2,3,2,3,2,3,2,3,2,2,2,2,2,2,2,2,2,2,1,2
2,3,2,3,2,3,2,3,2,3,2,3,2,3,2,4,3,4,3,3,3,3,3,4,3,3,3,4,3,3,3,3,3,3,2,3,2,2,2,2,2,2,2,2,2,2,2,2,2,2,3,2,3,2,3,2,3,2,3,2,3,2,3,2,3,2,3,2,2,2,2,1,2,1,2,1,2,1,2,1,2,1,2,1,2,1,2,1,3,1,2
3,4,3,4,3,4,3,4,3,4,3,4,3,4,2,4,2,3,1,3,1,3,1,3,1,2,1,3,2,3,2,3,2,3,2,3,2,3,3,3,3,3,3,3,3,3,3,2,3,2,3,2,2,2,2,2,2,2,2,2,1,2,1,2,2,2,2,2,2,2,2,2,3,1,3,1,3,1,3,1,3,2,3,2,3,2,2,2,2,1,2
2,3,2,3,2,3,2,3,3,3,3,3,3,3,3,3,3,3,3,3,2,3,2,3,2,2,2,3,2,3,2,3,2,3,2,3,2,3,3,3,3,3,3,3,3,3,3,2,3,2,2,2,2,2,2,2,2,2,1,2,2,2,2,2,2,2,2,2,2,2,3,2,3,2,3,2,3,2,3,2,2,2,2,2,2,2,2,2,2,1,2
2,3,2,3,2,3,2,3,2,3,2,3,2,3,2,4,3,4,3,3,3,3,3,4,3,3,3,4,3,3,3,3,3,3,2,3,2,2,2,2,2,2,2,2,2,2,2,2,2,2,3,2,3,2,3,2,3,2,3,2,3,2,3,2,3,2,3,2,2,2,2,1,2,1,2,1,2,1,2,1,2,1,2,1,2,1,2,1,3,1,2
3,4,3,4,3,4,3,4,3,4,3,4,3,4,2,4,2,3,1,3,1,3,1,3,1,2,1,3,2,3,2,3,2,3,2,3,2,3,3,3,3,3,3,3,3,3,3,2,3,2,3,2,2,2,2,2,2,2,2,2,1,2,1,2,2,2,2,2,2,2,2,2,3,1,3,1,3,1,3,1,3,2,3,2,3,2,2,2,2,1,2
4,2,4,2,4,2,4,2,4,2,4,2,4,2,4,2,4,2,4,2,4,2,4,2,4,2,4,2,4,2,4,2,4,2,4,1,4,1,4,2,4,2,3,2,3,2,3,2,3,2,3,2,3,3,3,3,3,3,3,3,2,3,2,3,2,3,2,3,2,2,2,2,2,2,2,1,2,1,2,1,1,1,1,1,1,1,1,1,1,2,3
4,2,4,2,4,2,4,2,4,2,4,2,4,2,4,2,4,2,4,2,4,2,4,2,4,1,4,2,4,1,4,1,4,1,3,1,3,1,3,1,3,1,3,1,3,1,3,2,3,2,3,2,3,2,3,2,3,3,3,3,2,3,2,3,2,3,2,3,2,3,2,3,2,2,2,2,2,2,1,2,1,2,1,2,1,2,1,1,1,1,3
4,3,4,3,4,3,4,3,4,2,4,2,4,2,4,2,4,2,4,2,4,1,3,1,3,1,3,2,3,2,3,2,3,2,2,2,2,2,3,3,3,3,3,3,3,3,3,3,2,3,2,3,2,3,2,3,2,3,1,2,1,2,1,2,1,2,1,2,1,1,0,1,0,1,0,1,0,2,0,2,0,3,0,3,0,4,0,4,0,4,3
4,2,4,2,4,2,4,2,4,2,4,2,4,2,4,2,4,2,4,2,3,2,3,2,3,1,3,2,3,2,3,2,3,2,3,2,3,2,3,2,3,2,3,3,3,3,3,3,3,2,2,2,2,3,2,3,2,3,2,2,2,2,2,2,1,2,1,2,1,2,1,2,1,2,1,2,1,3,1,3,0,4,0,4,0,4,0,4,0,4,3
4,2,4,2,4,2,4,2,4,2,4,2,4,2,4,2,4,2,4,2,4,2,4,3,4,2,4,3,4,2,4,2,4,1,4,1,4,0,3,0,3,0,3,1,3,1,3,2,3,2,3,2,3,3,2,3,2,3,2,3,2,2,2,2,2,2,2,1,2,1,1,0,1,0,1,0,1,1,1,1,1,2,0,3,0,3,0,3,0,3,3
4,2,4,2,4,2,4,2,4,2,4,2,4,2,4,2,4,2,4,2,4,1,3,1,3,1,3,2,3,2,3,2,3,3,3,3,3,3,2,3,2,3,2,3,2,3,2,3,2,2,2,2,2,2,2,1,2,1,1,1,1,1,1,1,1,2,0,2,0,2,0,2,1,3,1,3,1,3,1,4,0,4,0,4,0,4,0,3,0,3,3
4,4,4,3,4,4,4,4,4,4,4,4,4,4,4,3,4,3,4,3,4,2,4,2,4,2,4,2,4,2,3,2,3,2,3,2,3,2,3,2,3,2,3,3,3,3,3,3,3,3,3,3,3,4,2,4,2,4,2,4,2,4,2,4,1,4,1,4,1,4,1,3,1,3,1,2,1,2,1,2,1,2,1,2,1,2,1,2,1,2,3
4,4,4,4,4,4,4,4,4,4,4,4,4,4,4,3,4,3,4,3,4,3,4,3,4,2,4,3,4,2,4,2,4,2,3,2,3,2,3,2,3,2,3,3,3,3,3,3,3,3,3,3,3,3,3,4,3,4,3,4,2,4,2,4,2,4,2,4,2,3,2,3,2,3,2,2,2,2,2,2,1,2,1,2,1,2,1,2,1,2,3
4,4,4,4,4,4,4,4,4,3,4,3,4,3,4,3,4,3,4,3,4,3,4,2,4,2,4,2,4,2,3,2,3,2,3,2,3,2,3,2,3,2,3,3,3,3,3,3,3,3,3,3,3,4,3,4,2,4,2,4,2,4,2,4,2,4,1,4,2,4,2,3,2,3,2,2,2,2,1,2,1,2,1,2,1,2,1,2,1,2,3
3,4,3,4,3,4,3,4,3,4,3,3,3,3,3,3,3,3,3,2,3,2,3,2,3,2,3,2,3,2,3,2,3,2,3,3,2,3,2,3,2,3,2,4,2,4,2,4,2,3,2,3,2,4,2,3,2,3,2,3,1,3,1,3,1,3,1,2,1,2,1,2,1,2,1,2,1,2,1,3,0,3,0,4,0,4,0,4,0,4,3
4,3,4,3,4,3,4,3,4,3,4,3,4,3,4,3,4,3,4,3,4,3,4,2,4,2,4,2,3,2,3,2,3,2,3,2,3,3,3,3,3,3,3,4,3,4,2,4,2,3,2,3,2,3,2,3,2,2,2,2,2,2,1,2,1,2,1,2,1,2,1,3,1,3,1,3,1,3,0,4,0,4,0,4,0,4,0,3,0,3,3
4,3,4,3,4,3,4,3,4,3,4,3,4,3,3,3,3,2,3,2,3,2,3,2,3,1,3,2,3,2,3,2,3,3,3,3,2,3,2,3,2,3,2,3,2,3,2,3,2,3,2,2,2,3,2,2,2,2,2,2,1,2,1,2,1,2,1,2,1,2,1,3,1,3,1,3,1,3,1,3,0,4,0,4,0,4,0,3,0,3,3
4,3,4,3,4,3,4,3,4,3,4,3,4,3,4,3,4,3,4,3,3,3,3,2,3,2,4,2,4,2,3,2,3,2,3,2,3,2,3,2,3,2,3,2,3,2,3,2,3,2,3,2,3,3,3,3,3,3,3,3,2,3,2,4,2,4,2,4,2,4,1,4,2,3,1,3,1,3,1,3,1,3,1,3,1,3,1,3,1,3,3
4,3,4,3,4,3,4,3,3,3,3,3,3,3,3,2,3,2,3,2,3,2,3,2,3,2,3,2,3,3,2,3,2,3,2,3,2,3,2,3,2,4,2,4,2,4,2,4,2,3,2,3,2,4,2,4,1,4,1,4,1,4,1,4,1,4,1,4,1,3,1,3,1,3,1,2,1,2,1,3,0,2,0,2,1,2,1,2,1,2,3
4,3,4,3,4,3,4,3,4,3,4,3,4,3,3,2,3,2,3,2,3,2,3,2,3,2,3,3,3,3,3,3,2,3,2,3,2,3,2,4,2,4,2,4,2,4,1,4,1,3,1,3,1,4,1,3,1,3,1,3,1,3,1,3,1,3,1,3,1,3,1,2,1,2,1,2,0,2,0,3,0,4,0,4,0,4,0,4,0,4,3
4,3,4,3,4,3,4,3,4,3,4,3,4,3,4,3,4,3,4,3,4,3,4,3,4,2,4,3,4,2,3,2,3,2,3,2,3,2,3,2,3,3,3,3,3,3,3,3,2,3,2,3,2,4,2,4,2,4,2,4,2,4,2,4,1,4,1,4,1,4,1,4,1,4,1,3,1,3,1,4,1,4,1,4,1,3,1,3,1,3,3
4,3,4,3,4,3,4,3,4,3,4,3,4,3,4,3,4,3,4,3,4,3,3,2,4,2,3,2,3,2,3,2,3,2,3,2,3,2,2,2,2,2,2,3,2,3,2,3,2,3,2,3,2,3,2,3,2,4,2,4,2,4,1,4,1,4,1,4,1,4,1,4,1,4,1,3,1,3,1,3,1,3,1,3,1,3,1,3,1,2,3
4,3,4,3,4,3,4,3,3,3,3,3,3,3,3,3,3,2,3,2,3,2,3,2,3,2,3,3,2,3,2,3,2,3,2,3,2,3,2,3,2,3,2,3,2,4,2,3,2,3,2,3,2,4,2,3,1,3,1,3,1,3,1,3,1,3,1,3,1,3,1,3,1,2,1,2,1,2,1,2,0,2,0,2,0,3,0,3,0,3,3
3,3,3,3,3,3,3,2,3,2,2,2,2,2,2,1,2,1,2,1,1,2,1,2,2,2,2,2,2,3,2,3,2,3,1,3,1,3,1,3,1,3,1,3,1,4,1,3,1,3,1,3,1,3,1,3,1,3,0,2,0,2,0,2,0,2,0,2,0,2,0,1,0,1,0,1,0,1,0,1,0,2,0,2,0,2,0,3,0,3,3
3,3,3,3,3,3,3,3,3,3,2,3,2,2,2,2,2,2,2,2,2,2,2,2,2,2,2,2,2,2,2,3,2,3,1,3,1,3,1,3,1,3,1,3,1,3,1,3,1,3,1,3,1,3,1,3,1,3,1,2,1,2,1,2,1,2,0,2,0,2,0,2,0,1,0,1,0,2,0,2,0,3,0,3,0,3,0,3,0,3,3
3,2,3,2,3,2,3,2,3,2,3,2,3,2,3,2,3,2,3,2,2,1,2,1,2,1,2,2,2,2,2,2,2,2,2,2,2,2,1,2,1,3,2,3,2,3,1,3,1,3,1,3,1,3,1,3,1,3,1,3,1,3,1,3,1,2,1,2,1,2,1,1,1,1,1,1,1,1,0,1,0,1,0,1,0,1,0,1,0,2,3
3,3,3,3,3,3,3,2,3,2,2,2,2,2,2,1,2,1,2,1,1,2,1,2,2,2,2,2,2,3,2,3,2,3,1,3,1,3,1,3,1,3,1,3,1,4,1,3,1,3,1,3,1,3,1,3,1,3,0,2,0,2,0,2,0,2,0,2,0,2,0,1,0,1,0,1,0,1,0,1,0,2,0,2,0,2,0,3,0,3,3
3,3,3,3,3,3,3,3,3,3,2,3,2,2,2,2,2,2,2,2,2,2,2,2,2,2,2,2,2,2,2,3,2,3,1,3,1,3,1,3,1,3,1,3,1,3,1,3,1,3,1,3,1,3,1,3,1,3,1,2,1,2,1,2,1,2,0,2,0,2,0,2,0,1,0,1,0,2,0,2,0,3,0,3,0,3,0,3,0,3,3
3,2,3,2,3,2,3,2,3,2,3,2,3,2,3,2,3,2,3,2,2,1,2,1,2,1,2,2,2,2,2,2,2,2,2,2,2,2,1,2,1,3,2,3,2,3,1,3,1,3,1,3,1,3,1,3,1,3,1,3,1,3,1,3,1,2,1,2,1,2,1,1,1,1,1,1,1,1,0,1,0,1,0,1,0,1,0,1,0,2,3
3,3,3,3,3,3,3,3,3,4,3,4,3,4,3,4,2,4,2,3,2,3,2,3,2,3,2,3,2,3,3,3,3,3,3,3,3,3,3,3,3,3,3,3,4,3,4,2,4,2,3,1,3,2,3,1,3,1,3,2,2,2,2,2,2,2,2,2,2,2,2,1,2,1,2,1,2,1,2,1,2,1,2,1,2,1,3,1,3,1,4
3,3,3,3,3,3,3,3,3,3,3,3,2,3,2,3,2,3,2,3,2,3,2,3,2,2,2,3,2,3,2,3,3,3,3,2,3,2,3,2,3,2,4,2,4,2,4,2,4,1,4,1,3,1,3,1,3,1,3,2,2,2,2,2,2,2,2,2,2,2,2,1,2,1,2,1,2,1,2,1,2,1,2,1,2,1,2,1,3,1,4
3,3,3,3,3,3,3,4,3,4,3,4,2,4,2,4,2,4,2,3,2,3,2,3,2,2,2,3,2,3,2,3,3,3,3,3,3,3,3,2,3,2,4,2,4,2,4,1,3,1,3,1,3,1,3,1,3,1,2,1,2,1,2,2,1,2,1,1,2,1,2,0,2,0,2,0,2,0,3,0,3,0,3,0,3,0,3,0,3,0,4
1,3,1,3,1,3,1,3,1,3,1,3,1,3,1,2,1,2,1,2,1,2,1,2,2,2,2,2,2,2,2,3,2,2,2,2,2,2,2,2,2,2,2,2,2,2,2,2,2,1,2,1,1,2,1,1,1,1,1,1,1,1,1,2,1,2,2,2,2,2,2,1,2,1,3,1,3,1,2,1,2,1,2,1,2,1,2,1,2,1,4
3,3,3,3,3,3,3,3,3,3,3,3,3,3,3,3,3,3,3,4,3,4,3,3,3,3,4,3,3,3,3,3,3,3,3,3,2,3,2,3,2,3,2,2,3,2,3,2,3,1,3,1,3,1,3,1,3,1,3,1,3,1,3,1,2,1,2,1,2,1,2,0,2,0,2,0,2,0,2,0,2,0,2,0,3,0,3,0,3,0,4
3,3,3,3,3,3,3,3,3,3,3,3,3,3,3,3,3,3,3,3,3,3,3,3,3,3,4,4,4,3,4,3,4,3,4,3,4,3,4,3,4,3,4,3,4,3,4,3,3,2,3,2,3,3,3,3,3,3,2,3,2,3,2,3,2,3,2,2,3,2,3,2,3,2,3,1,3,2,4,2,4,2,4,2,4,2,4,2,4,1,4
3,4,3,4,2,4,2,4,2,4,2,4,1,4,1,4,1,4,1,4,1,4,2,4,2,3,3,4,3,4,3,3,3,3,3,3,3,3,2,3,2,3,2,3,2,3,1,2,1,2,1,2,1,2,2,1,2,1,2,2,2,2,2,2,3,2,3,2,3,1,3,1,3,0,3,0,3,0,2,0,2,0,1,0,1,0,1,0,1,0,4
3,4,3,4,3,4,3,4,3,4,2,4,2,4,2,4,2,4,2,4,2,3,2,3,2,3,3,3,3,3,3,3,3,3,3,3,3,2,3,2,3,2,2,2,2,2,2,2,2,1,2,1,2,1,2,1,2,1,3,1,3,1,3,1,3,1,3,1,3,0,3,0,3,0,3,0,2,0,2,0,2,0,2,0,2,0,2,0,2,0,4
3,4,3,3,3,4,3,4,3,4,3,4,3,4,3,4,3,4,2,4,2,4,2,4,2,3,2,3,3,3,3,3,3,3,3,3,3,3,3,3,3,2,3,2,3,2,3,2,3,2,2,2,2,2,2,1,2,1,2,1,3,1,3,1,3,1,3,1,3,1,3,0,3,0,3,0,3,0,3,0,2,0,2,0,2,0,2,0,2,0,4
2,4,2,4,2,4,2,4,2,4,2,4,2,4,1,4,1,4,1,4,1,4,1,4,1,3,2,4,2,4,2,4,2,4,2,4,2,3,2,3,3,3,3,3,2,3,2,2,2,2,2,2,2,2,2,2,2,2,2,2,2,2,2,2,2,2,2,2,3,2,3,1,3,0,3,0,3,0,2,0,2,0,2,0,2,0,2,0,1,0,4
3,4,3,4,3,4,3,4,3,4,2,4,2,4,2,4,2,4,2,4,2,4,2,4,2,3,2,4,2,4,2,3,3,3,3,3,3,3,3,3,3,2,3,2,3,2,3,2,2,2,2,2,2,2,2,2,2,2,2,2,2,1,2,2,2,2,2,2,3,1,3,1,3,1,3,0,3,0,3,0,3,0,2,0,2,0,2,0,2,0,4
3,4,3,4,3,4,3,4,3,4,3,4,2,4,2,4,2,4,2,4,2,4,2,4,2,3,3,3,3,3,3,3,3,3,3,3,3,3,3,3,2,3,2,3,2,3,2,2,2,2,2,1,2,2,2,1,2,1,3,2,3,2,3,2,3,2,3,1,3,1,3,0,2,0,2,0,2,0,2,0,1,0,2,0,2,0,2,0,2,0,4
2,4,2,4,2,4,2,4,2,4,3,4,3,4,3,4,3,4,2,3,2,3,2,3,2,3,2,3,2,3,1,3,1,3,1,3,1,3,1,2,1,2,2,2,2,2,2,2,3,2,3,1,3,2,3,1,3,1,3,1,3,1,3,1,2,1,2,1,2,1,2,1,2,1,2,1,1,1,1,1,1,0,1,0,2,0,2,1,2,0,4
2,4,2,4,2,4,2,4,2,4,2,4,2,4,1,4,1,4,1,4,1,4,1,3,1,3,1,3,1,3,1,3,1,3,1,3,1,3,2,3,2,3,2,3,3,3,3,2,3,2,3,2,4,2,4,2,4,1,4,1,4,1,3,1,3,1,3,1,3,1,2,1,2,1,2,1,2,1,1,1,1,1,1,1,1,1,1,1,1,1,4
2,4,2,4,2,4,2,4,2,4,2,4,1,4,1,4,1,4,0,4,0,4,0,4,1,3,1,3,1,3,1,3,1,3,1,3,1,3,2,3,2,3,2,3,3,3,3,2,3,2,3,2,3,2,3,2,3,2,3,2,3,2,2,2,2,2,2,2,2,2,1,2,1,1,1,1,1,1,1,1,0,1,0,1,1,1,1,1,1,1,4
2,4,2,4,2,4,2,4,2,4,2,4,2,4,1,4,1,4,1,4,0,3,0,3,1,3,1,3,1,3,1,3,1,2,1,2,1,2,1,2,1,2,2,2,2,2,2,2,2,2,3,1,3,1,3,1,3,1,3,1,3,1,3,1,2,1,2,1,2,1,2,1,2,0,2,0,1,0,1,0,1,0,1,0,1,0,1,0,1,0,4
2,4,2,4,2,4,1,4,1,4,1,3,1,3,0,3,0,3,0,3,0,3,1,3,1,2,1,3,1,3,1,3,2,2,2,2,2,2,2,2,3,2,3,2,3,2,3,2,4,1,4,1,4,1,4,1,4,0,3,0,3,0,3,1,3,1,2,1,2,1,2,0,2,0,2,0,1,0,1,0,1,0,1,1,1,1,1,0,1,0,4
2,3,2,3,2,3,2,3,2,3,2,3,2,3,3,3,3,3,3,3,3,3,3,3,3,2,3,2,3,2,3,2,2,2,2,2,1,2,1,2,1,2,1,2,1,2,1,1,0,1,1,1,1,1,1,1,1,1,1,1,1,1,1,1,1,1,1,1,2,1,2,0,2,0,2,0,2,0,2,0,2,0,2,0,2,0,2,0,2,0,4
2,4,1,4,1,4,1,4,1,3,1,3,1,3,1,3,1,3,2,3,2,3,2,3,3,2,3,3,3,3,2,2,2,2,2,2,2,2,1,2,1,2,1,2,1,2,1,2,1,1,1,1,1,1,1,1,1,1,2,1,2,1,2,2,2,2,2,2,2,2,2,1,2,1,2,0,2,0,1,0,1,0,1,0,1,0,1,0,1,0,4
2,4,2,4,2,4,2,4,2,4,2,4,2,4,2,4,1,4,1,4,1,4,1,4,1,3,1,4,1,4,2,3,2,3,2,4,2,4,2,3,2,3,3,3,2,2,2,2,2,2,2,2,2,2,1,2,1,2,2,2,2,1,2,2,2,2,2,2,3,2,3,1,3,1,2,1,2,1,2,1,1,1,1,1,2,1,2,1,2,1,4
2,4,2,4,2,4,2,4,2,4,2,4,1,4,1,4,1,4,1,4,1,3,1,3,2,2,2,3,2,3,3,3,3,3,3,3,3,2,3,2,3,2,3,2,3,1,2,1,2,1,2,1,2,1,1,1,1,1,1,1,1,1,1,1,1,1,1,1,2,1,2,1,2,1,3,1,3,1,3,1,2,1,2,1,2,1,2,1,2,1,4
2,4,1,4,1,4,1,4,1,3,1,3,1,3,1,3,1,3,2,3,2,3,2,3,3,2,3,3,3,3,2,2,2,2,2,2,2,2,1,2,1,2,1,2,1,2,1,2,1,1,1,1,1,1,1,1,1,1,2,1,2,1,2,2,2,2,2,2,2,2,2,1,2,1,2,0,2,0,1,0,1,0,1,0,1,0,1,0,1,0,4
2,4,2,4,2,4,2,4,2,4,2,4,2,4,2,4,1,4,1,4,1,4,1,4,1,3,1,4,1,4,2,3,2,3,2,4,2,4,2,3,2,3,3,3,2,2,2,2,2,2,2,2,2,2,1,2,1,2,2,2,2,1,2,2,2,2,2,2,3,2,3,1,3,1,2,1,2,1,2,1,1,1,1,1,2,1,2,1,2,1,4
2,4,2,4,2,4,2,4,2,4,2,4,1,4,1,4,1,4,1,4,1,3,1,3,2,2,2,3,2,3,3,3,3,3,3,3,3,2,3,2,3,2,3,2,3,1,2,1,2,1,2,1,2,1,1,1,1,1,1,1,1,1,1,1,1,1,1,1,2,1,2,1,2,1,3,1,3,1,3,1,2,1,2,1,2,1,2,1,2,1,4
3,0,3,0,3,0,3,0,3,0,3,0,3,0,3,1,3,1,3,1,3,1,3,1,3,1,3,2,3,2,3,3,3,3,3,3,3,3,3,3,3,3,3,3,3,3,2,3,2,3,2,3,2,3,2,3,2,3,1,3,1,3,1,3,1,3,1,3,1,3,1,3,1,2,1,2,1,2,0,2,0,1,0,1,0,1,1,1,1,1,5
4,0,4,0,4,1,4,1,4,1,4,1,4,1,4,1,4,1,4,1,4,1,4,2,4,1,4,2,4,3,4,3,4,3,3,3,3,3,3,3,3,3,3,3,3,4,3,3,2,3,2,3,2,4,2,4,2,4,1,3,1,3,1,4,1,4,0,4,1,3,0,3,1,3,1,2,0,2,0,2,0,2,0,2,0,2,0,1,0,1,5
4,1,4,1,4,1,4,1,4,1,4,1,4,1,4,1,4,1,4,1,3,2,3,2,3,2,3,3,3,3,3,3,3,3,3,3,3,3,3,3,3,3,3,3,3,4,3,3,2,3,2,3,2,4,2,3,2,3,2,3,1,4,1,4,1,4,1,4,1,3,1,3,1,3,1,2,1,2,1,2,0,2,0,2,1,2,1,2,1,2,5
0,2,0,2,0,2,0,2,0,2,0,2,0,2,0,2,0,2,0,2,0,2,0,2,1,2,1,3,1,3,1,3,1,3,0,3,0,3,0,3,0,3,0,3,1,3,1,3,1,2,1,2,1,3,1,3,1,3,1,3,1,3,1,4,1,4,1,4,1,4,1,4,2,4,2,3,2,3,2,4,2,4,2,4,2,4,2,4,2,4,5
3,1,3,1,3,1,3,1,3,1,3,1,3,1,3,1,3,1,3,1,3,1,3,1,3,1,4,2,4,2,4,2,4,1,4,1,4,1,4,1,4,1,4,1,4,1,4,1,4,1,4,1,4,1,4,1,4,1,4,2,3,2,3,3,3,3,3,3,3,4,3,4,3,4,3,4,2,4,2,4,2,4,2,4,2,4,1,4,1,4,5
1,0,1,0,1,0,1,0,1,0,1,0,1,0,1,0,1,0,1,0,1,1,1,1,1,1,2,2,2,2,2,2,2,2,2,2,2,2,2,2,2,3,2,3,3,3,3,3,3,2,3,2,3,3,4,3,4,2,4,2,4,2,4,2,4,2,4,2,4,2,4,1,4,1,4,1,4,1,4,1,4,1,4,1,4,1,4,1,4,1,5
1,1,1,1,1,1,1,1,1,1,1,1,1,1,1,1,1,1,1,1,1,1,1,1,1,1,1,2,1,2,1,2,1,2,1,2,1,2,1,2,1,3,1,3,1,3,1,3,2,3,2,3,2,3,2,3,2,3,2,3,2,3,2,4,3,4,3,4,3,4,3,4,3,3,4,3,4,3,4,3,4,3,4,3,4,3,4,3,4,3,5
1,1,1,1,1,1,1,1,1,1,1,1,1,1,1,1,1,1,1,1,1,1,1,1,1,1,1,2,1,2,1,2,1,2,1,2,1,3,1,3,1,3,2,3,2,3,2,3,2,3,3,3,3,3,3,3,3,3,3,3,4,3,4,3,4,3,4,3,4,3,4,3,4,2,4,2,4,2,4,2,4,2,4,2,4,2,4,1,4,1,5
1,1,1,1,1,1,1,1,1,1,1,1,1,1,1,1,1,1,1,2,1,2,1,2,1,2,2,3,2,3,2,3,2,3,2,3,2,3,2,3,3,3,3,3,3,3,3,3,4,3,4,2,4,3,4,3,4,3,4,2,4,2,4,2,4,2,4,2,4,2,4,1,4,1,4,1,4,1,4,1,4,1,4,1,4,1,4,1,4,1,5
1,1,1,0,1,0,1,0,1,0,1,1,1,1,1,1,1,1,1,1,1,1,1,2,1,1,1,2,1,3,2,3,2,3,1,3,1,3,1,3,2,3,2,3,2,3,2,3,3,3,3,3,3,3,3,3,3,3,4,3,4,3,4,3,4,3,4,3,4,3,4,2,4,2,4,2,4,2,4,2,4,2,4,2,4,2,4,2,4,2,5
1,0,1,0,1,0,1,0,1,0,1,0,1,0,1,0,1,0,1,1,1,1,1,1,1,1,1,2,1,2,1,2,1,2,1,2,1,3,1,3,1,3,2,3,2,3,2,3,2,3,3,3,3,4,3,3,3,3,4,3,4,3,4,3,4,3,4,3,4,2,4,2,4,2,4,1,4,1,4,1,4,1,4,1,4,1,4,1,4,1,5
1,0,1,0,1,0,1,0,1,0,1,0,1,0,1,0,1,0,1,0,1,0,1,1,1,1,1,2,2,2,2,2,2,2,1,2,1,2,1,2,2,2,2,2,2,3,2,3,2,2,3,2,3,3,3,3,3,3,4,3,4,2,4,3,4,3,4,2,4,2,4,2,4,1,4,1,4,1,4,1,4,1,4,1,4,1,4,1,4,1,5
0,1,0,1,0,1,0,1,0,1,0,1,0,1,0,1,0,1,0,2,0,2,0,2,0,2,1,3,1,3,1,3,1,3,1,3,1,3,1,3,1,3,2,3,2,4,2,3,3,3,3,3,3,4,3,3,4,3,4,3,4,3,4,3,4,3,4,3,4,2,4,2,4,2,4,2,4,2,4,2,4,2,4,2,4,2,4,2,4,2,5
0,1,0,1,0,1,0,1,0,1,0,1,0,1,0,1,0,1,0,1,0,2,0,2,1,2,1,3,1,3,1,3,1,3,1,3,1,3,1,3,2,3,2,3,2,4,2,3,3,3,3,3,3,3,3,3,3,3,3,3,3,3,4,3,4,3,4,3,4,2,4,2,4,2,4,1,4,2,4,2,4,2,4,2,4,2,4,2,4,1,5
0,1,0,1,0,1,0,1,0,2,0,2,0,2,0,2,0,2,0,2,0,2,0,2,1,2,1,3,1,3,1,3,1,3,1,3,2,4,2,4,2,4,2,4,3,4,3,3,3,3,3,3,4,3,4,3,4,3,4,3,4,3,4,3,4,3,4,2,4,2,4,2,4,2,4,1,4,1,4,1,4,1,4,1,4,1,4,2,4,2,5
0,1,0,1,0,1,0,1,0,1,0,1,0,2,0,2,0,2,0,2,0,3,1,3,1,2,1,3,2,4,2,4,2,4,2,4,2,4,2,4,3,4,3,4,3,4,4,3,4,3,4,3,4,3,4,3,4,3,4,3,4,3,4,3,4,3,4,3,4,2,4,2,4,2,4,1,4,1,4,1,4,2,4,2,4,2,4,2,4,2,5
0,1,0,1,0,1,0,1,0,1,0,1,0,1,0,1,0,2,0,2,0,2,0,2,0,2,1,3,1,3,1,3,1,3,1,3,1,4,1,4,1,4,2,4,2,4,2,4,3,3,3,3,3,4,3,4,3,4,3,4,3,4,4,4,4,4,4,4,4,3,4,3,4,3,4,2,4,2,4,3,4,2,4,2,4,2,4,2,4,2,5
0,1,0,1,0,1,0,1,0,1,0,1,0,1,0,1,0,1,0,1,0,1,0,1,0,1,1,2,1,2,1,2,1,2,1,3,1,3,1,3,1,3,2,3,2,4,2,3,2,3,3,3,3,4,3,3,3,3,4,3,4,3,4,3,4,3,4,3,4,3,4,3,4,2,4,2,4,2,4,2,4,1,4,1,4,2,4,1,4,1,5
0,2,0,2,0,2,0,2,0,2,0,2,0,2,0,2,0,2,0,2,0,2,0,2,0,2,1,3,1,3,1,3,1,3,0,3,0,3,0,3,0,3,0,3,1,3,1,3,1,3,1,3,1,3,1,3,1,3,1,4,1,4,1,4,1,4,1,4,1,4,1,4,2,4,2,3,2,3,2,4,2,4,2,4,2,4,2,4,2,4,5
1,2,1,2,1,2,1,2,1,2,0,2,0,2,0,2,0,2,0,2,0,2,0,2,1,2,1,3,1,3,1,3,1,3,1,3,0,3,0,3,1,3,1,3,1,3,2,3,2,3,2,3,2,3,2,3,2,3,3,3,3,3,3,3,3,3,3,3,3,3,3,3,3,2,3,2,3,2,3,2,3,2,3,2,3,2,3,2,3,2,5
1,2,1,2,1,2,1,2,1,2,1,2,1,2,1,2,1,2,1,2,1,2,1,2,1,2,1,2,1,2,1,2,1,2,1,2,1,2,1,2,1,2,1,2,1,2,1,2,1,2,1,2,1,2,1,2,1,2,1,3,1,3,1,3,1,3,2,4,2,4,2,4,2,3,2,3,3,3,3,4,3,4,3,4,3,4,3,3,3,3,5
0,2,0,2,0,2,0,2,0,2,0,2,0,2,0,2,0,2,0,2,0,2,0,2,0,2,1,3,1,3,1,3,1,3,0,3,0,3,0,3,0,3,0,3,1,3,1,3,1,3,1,3,1,3,1,3,1,3,1,4,1,4,1,4,1,4,1,4,1,4,1,4,2,4,2,3,2,3,2,4,2,4,2,4,2,4,2,4,2,4,5
1,2,1,2,1,2,1,2,1,2,0,2,0,2,0,2,0,2,0,2,0,2,0,2,1,2,1,3,1,3,1,3,1,3,1,3,0,3,0,3,1,3,1,3,1,3,2,3,2,3,2,3,2,3,2,3,2,3,3,3,3,3,3,3,3,3,3,3,3,3,3,3,3,2,3,2,3,2,3,2,3,2,3,2,3,2,3,2,3,2,5
1,2,1,2,1,2,1,2,1,2,1,2,1,2,1,2,1,2,1,2,1,2,1,2,1,2,1,2,1,2,1,2,1,2,1,2,1,2,1,2,1,2,1,2,1,2,1,2,1,2,1,2,1,2,1,2,1,2,1,3,1,3,1,3,1,3,2,4,2,4,2,4,2,3,2,3,3,3,3,4,3,4,3,4,3,4,3,3,3,3,5
4,2,4,2,4,2,4,2,4,2,4,2,4,2,4,2,4,2,4,2,4,2,4,2,4,2,4,2,4,2,4,2,4,2,4,1,3,1,3,1,3,1,3,1,3,0,3,0,3,0,3,0,3,0,3,0,2,0,2,0,2,0,2,0,2,0,1,0,1,0,1,0,1,0,1,0,1,0,1,1,0,1,0,1,0,2,0,2,0,2,6
4,2,4,2,4,2,4,2,4,2,4,2,4,2,4,2,4,2,4,2,3,2,3,2,3,1,4,2,4,2,3,1,3,1,3,1,3,0,3,0,3,0,3,0,3,0,2,0,2,0,2,0,2,0,2,0,1,0,1,1,1,1,1,2,0,2,0,2,0,2,0,2,1,2,1,2,1,2,0,3,0,3,0,4,0,4,1,4,1,4,6
4,2,4,2,4,2,4,2,4,2,4,2,4,2,4,2,4,2,4,2,4,2,4,2,4,1,4,2,4,2,4,2,4,1,3,1,3,1,3,1,3,1,3,0,3,0,3,0,3,0,3,0,3,0,2,0,2,0,2,0,2,0,2,1,2,1,1,1,1,1,1,1,1,0,1,1,1,1,1,1,1,1,1,2,1,2,1,2,1,2,6
1,2,1,2,1,2,1,2,1,2,1,2,1,3,1,3,1,3,1,3,1,3,1,3,1,2,1,3,1,3,1,2,1,2,1,2,1,2,1,2,1,2,1,1,1,1,1,1,1,1,2,1,2,1,2,1,2,1,2,1,2,1,2,1,2,2,2,2,2,1,2,1,3,1,3,1,3,1,3,1,3,1,3,1,3,1,3,1,3,1,6
4,2,4,2,4,2,4,2,4,2,4,2,4,2,4,2,4,2,4,2,4,2,4,2,4,2,4,2,4,2,4,2,4,2,4,2,4,2,4,2,4,2,4,2,4,2,4,2,4,1,4,1,4,2,4,1,4,1,4,1,3,1,3,1,3,1,3,1,3,0,3,0,3,0,2,0,2,0,2,0,1,0,1,0,1,1,1,1,1,2,6
3,3,4,3,3,3,3,3,3,3,3,3,3,3,3,3,3,3,3,3,3,3,3,3,4,2,4,3,4,3,4,2,4,2,3,1,3,1,3,1,3,1,3,0,2,0,2,0,2,0,2,0,2,0,1,0,1,0,1,0,1,1,0,1,0,1,0,2,0,2,0,2,1,2,1,2,1,2,1,2,1,3,1,3,1,3,1,3,1,3,6
0,3,0,3,0,3,0,3,0,3,0,3,0,3,0,3,0,3,0,3,0,3,0,3,0,2,0,3,0,3,0,3,0,3,0,2,0,2,0,2,0,2,0,2,0,1,0,1,1,1,1,1,1,1,1,1,1,0,1,0,2,0,2,1,2,1,2,1,2,1,2,1,3,1,3,0,3,1,3,1,3,1,3,1,3,1,3,1,3,2,6
0,3,0,3,0,3,0,3,0,3,0,3,0,3,0,3,0,3,0,3,0,2,0,2,0,2,0,2,1,2,1,2,1,1,0,1,0,1,0,1,1,1,1,0,1,0,2,0,2,0,2,0,2,0,3,0,3,1,3,1,3,1,3,1,3,2,3,2,3,2,3,2,4,2,4,2,4,2,4,2,4,3,4,3,4,3,4,3,4,3,6
0,4,0,4,0,4,0,4,0,4,0,4,0,4,0,4,0,4,0,4,0,4,0,4,0,3,0,4,0,3,0,3,0,3,0,2,0,2,0,2,0,2,0,2,1,1,1,1,1,1,1,1,2,1,2,1,2,1,2,1,3,1,3,1,3,2,3,2,3,2,3,2,3,2,4,2,4,2,4,2,3,2,3,3,3,3,3,3,4,3,6
0,3,0,3,0,3,0,3,0,3,0,3,0,4,0,4,0,4,0,4,0,4,0,4,0,3,1,4,1,3,1,3,0,3,0,2,0,2,0,2,0,2,0,1,1,1,1,1,1,1,1,1,1,1,1,1,2,1,2,1,2,1,2,1,2,1,3,1,3,1,3,1,3,1,3,1,3,1,3,1,3,2,3,2,4,2,4,2,4,3,6
0,3,0,3,0,4,0,4,0,4,0,4,0,4,0,4,0,3,0,3,0,3,0,3,0,2,0,3,1,2,1,2,1,2,0,1,0,1,0,1,1,1,1,1,1,1,2,1,2,0,2,0,2,1,3,1,3,1,3,1,3,1,3,2,3,2,3,2,3,2,3,2,4,2,4,2,4,3,4,3,3,3,3,4,3,4,3,3,3,3,6
0,3,0,3,0,3,0,3,0,3,0,3,0,3,0,3,0,3,0,3,0,4,0,4,1,3,1,4,1,4,1,3,1,3,0,3,0,2,0,2,0,2,0,1,1,1,1,1,1,1,1,1,2,1,2,0,2,1,3,1,3,1,3,1,3,1,3,2,3,2,4,2,4,2,4,2,4,2,4,2,3,3,3,3,3,3,3,3,3,3,6
0,2,0,2,0,2,0,2,0,2,0,2,0,2,0,2,0,1,0,1,0,1,0,1,0,1,0,1,0,1,1,1,1,0,0,0,1,0,1,0,1,0,1,0,2,0,2,0,2,0,2,0,3,0,3,0,3,0,3,0,3,0,4,1,4,1,4,2,4,2,4,2,4,2,4,2,4,2,4,3,4,3,4,3,4,3,4,3,4,3,6
0,2,0,2,0,2,0,2,0,2,0,2,0,2,0,2,0,1,0,1,0,1,0,1,0,1,1,1,1,1,1,1,1,1,1,0,1,0,1,0,1,0,2,0,2,0,2,0,3,0,3,0,3,0,3,0,3,0,4,0,4,1,4,1,4,1,4,2,4,2,4,2,4,2,4,2,4,2,4,3,4,3,4,3,4,3,4,3,4,3,6
0,2,0,2,0,2,0,2,0,2,0,2,0,2,0,2,0,2,0,2,0,2,0,2,0,1,1,2,1,2,1,1,1,1,1,1,1,0,1,0,1,0,2,0,2,0,2,0,3,0,3,0,3,0,3,0,4,0,4,1,4,1,4,1,4,2,4,2,4,2,4,2,4,2,4,2,4,2,4,3,4,3,4,3,4,3,4,3,4,3,6
0,2,0,2,0,2,0,2,0,2,0,2,0,2,0,2,0,2,0,2,0,2,0,2,0,1,0,2,0,2,0,2,0,1,0,1,0,1,0,1,0,1,0,1,1,1,1,1,1,1,1,1,1,1,1,1,1,1,2,1,2,1,2,1,2,1,2,1,2,1,2,1,2,1,3,1,3,1,3,1,3,1,3,1,3,1,3,1,3,2,6
0,1,0,1,0,1,0,1,0,1,0,1,0,1,0,1,0,1,0,1,0,1,0,2,0,1,0,2,0,2,0,2,0,1,0,1,0,1,0,1,0,1,0,1,0,1,0,1,0,1,1,1,1,1,1,1,1,1,1,1,1,1,1,1,1,1,1,1,1,1,1,1,1,1,2,1,2,1,2,1,2,1,2,1,2,1,2,1,2,1,6
0,2,0,2,0,2,0,2,0,2,0,2,0,2,0,2,0,2,0,2,0,2,0,2,1,2,1,2,1,2,1,2,1,2,1,1,1,1,1,1,1,1,1,1,2,0,2,0,2,0,2,0,2,0,2,0,3,0,3,0,3,0,3,0,3,1,3,1,4,1,4,1,4,1,4,1,4,1,4,1,4,2,4,2,4,2,4,2,4,2,6
3,4,3,4,3,4,3,4,3,4,3,4,3,4,3,4,2,4,2,4,2,4,3,4,3,3,3,4,3,4,3,4,3,4,3,4,3,4,3,4,3,4,3,4,3,4,3,4,3,3,3,3,3,4,3,3,3,3,3,3,3,3,3,3,2,3,2,3,2,3,2,3,2,3,2,2,2,2,2,3,2,3,2,3,2,3,2,2,2,2,6
3,4,3,4,3,4,3,4,3,4,3,4,3,4,3,4,3,4,3,4,3,4,3,4,3,3,3,4,3,4,3,4,3,4,3,4,3,4,3,4,3,4,3,4,3,4,3,4,3,3,3,3,3,4,3,4,3,3,3,3,3,3,3,3,3,3,3,3,3,3,3,3,3,3,3,2,3,2,3,3,2,3,2,3,2,3,2,2,2,2,6
3,3,3,3,3,3,3,3,3,3,3,3,3,3,3,4,3,3,3,4,3,4,3,4,3,3,3,4,3,4,3,4,3,4,3,4,3,4,3,4,3,4,3,3,3,3,3,3,3,3,3,3,3,3,3,3,3,3,3,3,3,3,3,3,3,3,3,3,3,3,3,3,3,2,3,2,3,2,2,2,2,2,2,2,2,2,2,2,2,2,6
3,4,3,4,3,4,3,4,3,4,3,4,3,4,3,4,2,4,2,4,2,4,3,4,3,3,3,4,3,4,3,4,3,4,3,4,3,4,3,4,3,4,3,4,3,4,3,4,3,3,3,3,3,4,3,3,3,3,3,3,3,3,3,3,2,3,2,3,2,3,2,3,2,3,2,2,2,2,2,3,2,3,2,3,2,3,2,2,2,2,6
3,4,3,4,3,4,3,4,3,4,3,4,3,4,3,4,3,4,3,4,3,4,3,4,3,3,3,4,3,4,3,4,3,4,3,4,3,4,3,4,3,4,3,4,3,4,3,4,3,3,3,3,3,4,3,4,3,3,3,3,3,3,3,3,3,3,3,3,3,3,3,3,3,3,3,2,3,2,3,3,2,3,2,3,2,3,2,2,2,2,6
3,3,3,3,3,3,3,3,3,3,3,3,3,3,3,4,3,3,3,4,3,4,3,4,3,3,3,4,3,4,3,4,3,4,3,4,3,4,3,4,3,4,3,3,3,3,3,3,3,3,3,3,3,3,3,3,3,3,3,3,3,3,3,3,3,3,3,3,3,3,3,3,3,2,3,2,3,2,2,2,2,2,2,2,2,2,2,2,2,2,6
